Board,Level,School,City,Fraser rank,Score / 10,Status,Report entry,PDF page,Source,Directory source,Directory ID,Identity source,Verification note,Source row,Checked on
Thames Valley,Elementary,A.J. Baker,Kintore,1850,5.6,Ranked,A J Baker Kintore,28,https://www.compareschoolrankings.org/pdf/ontario-elementary-school-rankings-2025.pdf,tvdsb-elementary-2026-2027.pdf#page=1,1010,tvdsb-elementary-2026-2027.pdf#page=1,현재 학교명·도시를 원본 표기와 연결하고 순위·점수를 별도 PDF 추출기로 재대조.,1850 1097 — A J Baker Kintore 5.6 6.5,2026-09-16
Thames Valley,Elementary,Aberdeen,London,2942,2.3,Ranked,Aberdeen London,37,https://www.compareschoolrankings.org/pdf/ontario-elementary-school-rankings-2025.pdf,tvdsb-elementary-2026-2027.pdf#page=1,1015,tvdsb-elementary-2026-2027.pdf#page=1,현재 학교명·도시를 원본 표기와 연결하고 순위·점수를 별도 PDF 추출기로 재대조.,2942 2693 — Aberdeen London 2.3 2.4,2026-09-16
Thames Valley,Elementary,Adelaide-W.G. MacDonald,Strathroy,2436,4.5,Ranked,Adelaide - W G MacDonald Strathroy,33,https://www.compareschoolrankings.org/pdf/ontario-elementary-school-rankings-2025.pdf,tvdsb-elementary-2026-2027.pdf#page=1,1020,tvdsb-elementary-2026-2027.pdf#page=1,현재 학교명·도시를 원본 표기와 연결하고 순위·점수를 별도 PDF 추출기로 재대조.,2436 1706 q Adelaide - W G MacDonald Strathroy 4.5 5.7,2026-09-16
Thames Valley,Elementary,Aldborough,Rodney,2942,2.3,Ranked,Aldborough Rodney,37,https://www.compareschoolrankings.org/pdf/ontario-elementary-school-rankings-2025.pdf,tvdsb-elementary-2026-2027.pdf#page=1,1025,tvdsb-elementary-2026-2027.pdf#page=1,현재 학교명·도시를 원본 표기와 연결하고 순위·점수를 별도 PDF 추출기로 재대조.,2942 2666 — Aldborough Rodney 2.3 2.8,2026-09-16
Thames Valley,Elementary,Algonquin,Woodstock,2556,4.2,Ranked,Algonquin Woodstock,34,https://www.compareschoolrankings.org/pdf/ontario-elementary-school-rankings-2025.pdf,tvdsb-elementary-2026-2027.pdf#page=1,1030,tvdsb-elementary-2026-2027.pdf#page=1,현재 학교명·도시를 원본 표기와 연결하고 순위·점수를 별도 PDF 추출기로 재대조.,2556 1894 — Algonquin Woodstock 4.2 5.3,2026-09-16
Thames Valley,Elementary,Annandale,Tillsonburg,2845,3.1,Ranked,Annandale Tillsonburg,36,https://www.compareschoolrankings.org/pdf/ontario-elementary-school-rankings-2025.pdf,tvdsb-elementary-2026-2027.pdf#page=1,1999,tvdsb-elementary-2026-2027.pdf#page=1,현재 학교명·도시를 원본 표기와 연결하고 순위·점수를 별도 PDF 추출기로 재대조.,2845 2643 — Annandale Tillsonburg 3.1 3.0,2026-09-16
Thames Valley,Elementary,Arthur Ford,London,2301,4.8,Ranked,Arthur Ford London,32,https://www.compareschoolrankings.org/pdf/ontario-elementary-school-rankings-2025.pdf,tvdsb-elementary-2026-2027.pdf#page=1,1035,tvdsb-elementary-2026-2027.pdf#page=1,현재 학교명·도시를 원본 표기와 연결하고 순위·점수를 별도 PDF 추출기로 재대조.,2301 2357 — Arthur Ford London 4.8 4.3,2026-09-16
Thames Valley,Elementary,Arthur Stringer,London,2860,3.0,Ranked,Arthur Stringer London,37,https://www.compareschoolrankings.org/pdf/ontario-elementary-school-rankings-2025.pdf,tvdsb-elementary-2026-2027.pdf#page=1,1040,tvdsb-elementary-2026-2027.pdf#page=1,현재 학교명·도시를 원본 표기와 연결하고 순위·점수를 별도 PDF 추출기로 재대조.,2860 2666 — Arthur Stringer London 3.0 2.8,2026-09-16
Thames Valley,Elementary,Ashley Oaks,London,2993,1.7,Ranked,Ashley Oaks London,38,https://www.compareschoolrankings.org/pdf/ontario-elementary-school-rankings-2025.pdf,tvdsb-elementary-2026-2027.pdf#page=1,1045,tvdsb-elementary-2026-2027.pdf#page=1,현재 학교명·도시를 원본 표기와 연결하고 순위·점수를 별도 PDF 추출기로 재대조.,2993 2604 q Ashley Oaks London 1.7 3.3,2026-09-16
Thames Valley,Elementary,Blenheim District,Drumbo,1964,5.4,Ranked,Blenheim Drumbo,29,https://www.compareschoolrankings.org/pdf/ontario-elementary-school-rankings-2025.pdf,tvdsb-elementary-2026-2027.pdf#page=1,1925,tvdsb-elementary-2026-2027.pdf#page=1,현재 학교명·도시를 원본 표기와 연결하고 순위·점수를 별도 PDF 추출기로 재대조.,1964 1754 — Blenheim Drumbo 5.4 5.6,2026-09-16
Thames Valley,Elementary,Bonaventure Meadows,London,2907,2.7,Ranked,Bonaventure Meadows London,37,https://www.compareschoolrankings.org/pdf/ontario-elementary-school-rankings-2025.pdf,tvdsb-elementary-2026-2027.pdf#page=1,1070,tvdsb-elementary-2026-2027.pdf#page=1,현재 학교명·도시를 원본 표기와 연결하고 순위·점수를 별도 PDF 추출기로 재대조.,2907 2688 — Bonaventure Meadows London 2.7 2.5,2026-09-16
Thames Valley,Elementary,Byron Northview,London,480,7.7,Ranked,Byron Northview London,17,https://www.compareschoolrankings.org/pdf/ontario-elementary-school-rankings-2025.pdf,tvdsb-elementary-2026-2027.pdf#page=2,1085,tvdsb-elementary-2026-2027.pdf#page=2,현재 학교명·도시를 원본 표기와 연결하고 순위·점수를 별도 PDF 추출기로 재대조.,480 420 — Byron Northview London 7.7 7.6,2026-09-16
Thames Valley,Elementary,Byron Somerset,London,480,7.7,Ranked,Byron Somerset London,17,https://www.compareschoolrankings.org/pdf/ontario-elementary-school-rankings-2025.pdf,tvdsb-elementary-2026-2027.pdf#page=2,1090,tvdsb-elementary-2026-2027.pdf#page=2,현재 학교명·도시를 원본 표기와 연결하고 순위·점수를 별도 PDF 추출기로 재대조.,480 340 — Byron Somerset London 7.7 7.7,2026-09-16
Thames Valley,Elementary,Byron Southwood,London,447,7.8,Ranked,Byron Southwood London,16,https://www.compareschoolrankings.org/pdf/ontario-elementary-school-rankings-2025.pdf,tvdsb-elementary-2026-2027.pdf#page=2,1095,tvdsb-elementary-2026-2027.pdf#page=2,현재 학교명·도시를 원본 표기와 연결하고 순위·점수를 별도 PDF 추출기로 재대조.,447 433 — Byron Southwood London 7.8 7.5,2026-09-16
Thames Valley,Elementary,C.C. Carrothers,London,3009,1.4,Ranked,C C Carrothers London,38,https://www.compareschoolrankings.org/pdf/ontario-elementary-school-rankings-2025.pdf,tvdsb-elementary-2026-2027.pdf#page=2,1100,tvdsb-elementary-2026-2027.pdf#page=2,현재 학교명·도시를 원본 표기와 연결하고 순위·점수를 별도 PDF 추출기로 재대조.,3009 2717 — C C Carrothers London 1.4 1.8,2026-09-16
Thames Valley,Elementary,Caradoc,Mount Brydges,1567,6.0,Ranked,Caradoc Central Mount Brydges,26,https://www.compareschoolrankings.org/pdf/ontario-elementary-school-rankings-2025.pdf,tvdsb-elementary-2026-2027.pdf#page=2,1105,https://schooldirectory.tvdsb.ca/?CategoryIds=&CloseMap=false&FacilityTypeIds=&Keywords=&Page=3&Scroll=true,현재 학교명·도시를 원본 표기와 연결하고 순위·점수를 별도 PDF 추출기로 재대조.,1567 1332 — Caradoc Central Mount Brydges 6.0 6.2,2026-09-16
Thames Valley,Elementary,Caradoc North,Strathroy,753,7.2,Ranked,Caradoc North Strathroy,19,https://www.compareschoolrankings.org/pdf/ontario-elementary-school-rankings-2025.pdf,tvdsb-elementary-2026-2027.pdf#page=2,1115,tvdsb-elementary-2026-2027.pdf#page=2,현재 학교명·도시를 원본 표기와 연결하고 순위·점수를 별도 PDF 추출기로 재대조.,753 1421 — Caradoc North Strathroy 7.2 6.1,2026-09-16
Thames Valley,Elementary,Cedar Hollow,London,811,7.1,Ranked,Cedar Hollow London,19,https://www.compareschoolrankings.org/pdf/ontario-elementary-school-rankings-2025.pdf,tvdsb-elementary-2026-2027.pdf#page=2,1830,tvdsb-elementary-2026-2027.pdf#page=2,현재 학교명·도시를 원본 표기와 연결하고 순위·점수를 별도 PDF 추출기로 재대조.,811 921 p Cedar Hollow London 7.1 6.7,2026-09-16
Thames Valley,Elementary,Centennial Central,Arva,927,6.9,Ranked,Centennial Central Arva,20,https://www.compareschoolrankings.org/pdf/ontario-elementary-school-rankings-2025.pdf,tvdsb-elementary-2026-2027.pdf#page=2,1120,tvdsb-elementary-2026-2027.pdf#page=2,현재 학교명·도시를 원본 표기와 연결하고 순위·점수를 별도 PDF 추출기로 재대조.,927 1054 — Centennial Central Arva 6.9 6.6,2026-09-16
Thames Valley,Elementary,Central,Woodstock,2781,3.4,Ranked,Central Woodstock,36,https://www.compareschoolrankings.org/pdf/ontario-elementary-school-rankings-2025.pdf,tvdsb-elementary-2026-2027.pdf#page=2,1125,tvdsb-elementary-2026-2027.pdf#page=2,현재 학교명·도시를 원본 표기와 연결하고 순위·점수를 별도 PDF 추출기로 재대조.,2781 2623 — Central Woodstock 3.4 3.2,2026-09-16
Thames Valley,Elementary,Chippewa,London,2211,5.0,Ranked,Chippewa London,31,https://www.compareschoolrankings.org/pdf/ontario-elementary-school-rankings-2025.pdf,tvdsb-elementary-2026-2027.pdf#page=2,1135,tvdsb-elementary-2026-2027.pdf#page=2,현재 학교명·도시를 원본 표기와 연결하고 순위·점수를 별도 PDF 추출기로 재대조.,2211 1778 — Chippewa London 5.0 5.6,2026-09-16
Thames Valley,Elementary,Clara Brenton,London,532,7.6,Ranked,Clara Brenton London,17,https://www.compareschoolrankings.org/pdf/ontario-elementary-school-rankings-2025.pdf,tvdsb-elementary-2026-2027.pdf#page=3,1140,tvdsb-elementary-2026-2027.pdf#page=3,현재 학교명·도시를 원본 표기와 연결하고 순위·점수를 별도 PDF 추출기로 재대조.,532 561 — Clara Brenton London 7.6 7.3,2026-09-16
Thames Valley,Elementary,Cleardale,London,2258,4.9,Ranked,Cleardale London,32,https://www.compareschoolrankings.org/pdf/ontario-elementary-school-rankings-2025.pdf,tvdsb-elementary-2026-2027.pdf#page=3,1145,tvdsb-elementary-2026-2027.pdf#page=3,현재 학교명·도시를 원본 표기와 연결하고 순위·점수를 별도 PDF 추출기로 재대조.,2258 2317 p Cleardale London 4.9 4.5,2026-09-16
Thames Valley,Elementary,Davenport,Aylmer,,,No entry located in 2025 report,,,https://www.compareschoolrankings.org/pdf/ontario-elementary-school-rankings-2025.pdf,tvdsb-elementary-2026-2027.pdf#page=3,1160,tvdsb-elementary-2026-2027.pdf#page=3,현재명과 Aylmer의 전체 원본 항목을 대조했으나 2025 보고서에서 해당 학교의 순위 행을 찾지 못함. 미산출 사유는 단정하지 않음.,,2026-09-16
Thames Valley,Elementary,Delaware Central,Delaware,2891,2.8,Ranked,Delaware Central Delaware,37,https://www.compareschoolrankings.org/pdf/ontario-elementary-school-rankings-2025.pdf,tvdsb-elementary-2026-2027.pdf#page=3,1165,tvdsb-elementary-2026-2027.pdf#page=3,현재 학교명·도시를 원본 표기와 연결하고 순위·점수를 별도 PDF 추출기로 재대조.,2891 n/a n/a Delaware Central Delaware 2.8 n/a,2026-09-16
Thames Valley,Elementary,Dunwich-Dutton,Dutton,2301,4.8,Ranked,Dunwich-Dutton Dutton,32,https://www.compareschoolrankings.org/pdf/ontario-elementary-school-rankings-2025.pdf,tvdsb-elementary-2026-2027.pdf#page=3,1175,tvdsb-elementary-2026-2027.pdf#page=3,현재 학교명·도시를 원본 표기와 연결하고 순위·점수를 별도 PDF 추출기로 재대조.,2301 2152 — Dunwich-Dutton Dutton 4.8 4.8,2026-09-16
Thames Valley,Elementary,Eagle Heights,London,2090,5.2,Ranked,Eagle Heights London,30,https://www.compareschoolrankings.org/pdf/ontario-elementary-school-rankings-2025.pdf,tvdsb-elementary-2026-2027.pdf#page=3,1505,tvdsb-elementary-2026-2027.pdf#page=3,현재 학교명·도시를 원본 표기와 연결하고 순위·점수를 별도 PDF 추출기로 재대조.,2090 2159 — Eagle Heights London 5.2 4.8,2026-09-16
Thames Valley,Elementary,Ealing,London,2436,4.5,Ranked,Ealing London,33,https://www.compareschoolrankings.org/pdf/ontario-elementary-school-rankings-2025.pdf,tvdsb-elementary-2026-2027.pdf#page=3,1180,tvdsb-elementary-2026-2027.pdf#page=3,현재 학교명·도시를 원본 표기와 연결하고 순위·점수를 별도 PDF 추출기로 재대조.,2436 2109 — Ealing London 4.5 4.9,2026-09-16
Thames Valley,Elementary,East Carling,London,2845,3.1,Ranked,Bishop Townshend London,36,https://www.compareschoolrankings.org/pdf/ontario-elementary-school-rankings-2025.pdf,tvdsb-elementary-2026-2027.pdf#page=3,1065,https://pub-london.escribemeetings.com/filestream.ashx?DocumentId=33717,현재 학교명·도시를 원본 표기와 연결하고 순위·점수를 별도 PDF 추출기로 재대조.,2845 2629 — Bishop Townshend London 3.1 3.1,2026-09-16
Thames Valley,Elementary,East Oxford Central,Woodstock,1964,5.4,Ranked,East Oxford Woodstock,29,https://www.compareschoolrankings.org/pdf/ontario-elementary-school-rankings-2025.pdf,tvdsb-elementary-2026-2027.pdf#page=3,1190,tvdsb-elementary-2026-2027.pdf#page=3,현재 학교명·도시를 원본 표기와 연결하고 순위·점수를 별도 PDF 추출기로 재대조.,1964 2311 p East Oxford Woodstock 5.4 4.5,2026-09-16
Thames Valley,Elementary,East Williams Memorial,Ailsa Craig,1567,6.0,Ranked,East Williams Memorial Ailsa Craig,26,https://www.compareschoolrankings.org/pdf/ontario-elementary-school-rankings-2025.pdf,tvdsb-elementary-2026-2027.pdf#page=3,1185,tvdsb-elementary-2026-2027.pdf#page=3,현재 학교명·도시를 원본 표기와 연결하고 순위·점수를 별도 PDF 추출기로 재대조.,1567 2109 — East Williams Memorial Ailsa Craig 6.0 4.9,2026-09-16
Thames Valley,Elementary,Eastdale,Woodstock,2891,2.8,Ranked,Eastdale Woodstock,37,https://www.compareschoolrankings.org/pdf/ontario-elementary-school-rankings-2025.pdf,tvdsb-elementary-2026-2027.pdf#page=3,1195,tvdsb-elementary-2026-2027.pdf#page=3,현재 학교명·도시를 원본 표기와 연결하고 순위·점수를 별도 PDF 추출기로 재대조.,2891 2670 — Eastdale Woodstock 2.8 2.7,2026-09-16
Thames Valley,Elementary,Ekcoe Central,Glencoe,1137,6.6,Ranked,Ekcoe Central Glencoe,22,https://www.compareschoolrankings.org/pdf/ontario-elementary-school-rankings-2025.pdf,tvdsb-elementary-2026-2027.pdf#page=4,1205,tvdsb-elementary-2026-2027.pdf#page=4,현재 학교명·도시를 원본 표기와 연결하고 순위·점수를 별도 PDF 추출기로 재대조.,1137 2119 — Ekcoe Central Glencoe 6.6 4.9,2026-09-16
Thames Valley,Elementary,Elgin Court,St. Thomas,2509,4.3,Ranked,Elgin Court St. Thomas,34,https://www.compareschoolrankings.org/pdf/ontario-elementary-school-rankings-2025.pdf,tvdsb-elementary-2026-2027.pdf#page=4,1215,tvdsb-elementary-2026-2027.pdf#page=4,현재 학교명·도시를 원본 표기와 연결하고 순위·점수를 별도 PDF 추출기로 재대조.,2509 2356 — Elgin Court St. Thomas 4.3 4.4,2026-09-16
Thames Valley,Elementary,Emily Carr,London,1777,5.7,Ranked,Emily Carr London,28,https://www.compareschoolrankings.org/pdf/ontario-elementary-school-rankings-2025.pdf,tvdsb-elementary-2026-2027.pdf#page=4,1230,tvdsb-elementary-2026-2027.pdf#page=4,현재 학교명·도시를 원본 표기와 연결하고 순위·점수를 별도 PDF 추출기로 재대조.,1777 1740 — Emily Carr London 5.7 5.6,2026-09-16
Thames Valley,Elementary,Emily Stowe,Norwich,2624,4.0,Ranked,Emily Stowe Norwich,35,https://www.compareschoolrankings.org/pdf/ontario-elementary-school-rankings-2025.pdf,tvdsb-elementary-2026-2027.pdf#page=4,1940,tvdsb-elementary-2026-2027.pdf#page=4,현재 학교명·도시를 원본 표기와 연결하고 순위·점수를 별도 PDF 추출기로 재대조.,2624 2455 — Emily Stowe Norwich 4.0 4.0,2026-09-16
Thames Valley,Elementary,Éva Circé-Côté F.I.,St. Thomas,811,7.1,Ranked,Eva Circe-Cote FI St. Thomas,20,https://www.compareschoolrankings.org/pdf/ontario-elementary-school-rankings-2025.pdf,tvdsb-elementary-2026-2027.pdf#page=4,1656,tvdsb-elementary-2026-2027.pdf#page=4,현재 학교명·도시를 원본 표기와 연결하고 순위·점수를 별도 PDF 추출기로 재대조.,811 n/a n/a Eva Circe-Cote FI St. Thomas 7.1 n/a,2026-09-16
Thames Valley,Elementary,Evelyn Harrison,London,2436,4.5,Ranked,Evelyn Harrison London,33,https://www.compareschoolrankings.org/pdf/ontario-elementary-school-rankings-2025.pdf,tvdsb-elementary-2026-2027.pdf#page=4,1245,tvdsb-elementary-2026-2027.pdf#page=4,현재 학교명·도시를 원본 표기와 연결하고 순위·점수를 별도 PDF 추출기로 재대조.,2436 2596 — Evelyn Harrison London 4.5 3.4,2026-09-16
Thames Valley,Elementary,Forest City,London,2876,2.9,Ranked,Forest City London,37,https://www.compareschoolrankings.org/pdf/ontario-elementary-school-rankings-2025.pdf,tvdsb-elementary-2026-2027.pdf#page=4,1250,tvdsb-elementary-2026-2027.pdf#page=4,현재 학교명·도시를 원본 표기와 연결하고 순위·점수를 별도 PDF 추출기로 재대조.,2876 2576 — Forest City London 2.9 3.5,2026-09-16
Thames Valley,Elementary,Forest Park,St. Thomas,2913,2.6,Ranked,Forest Park St. Thomas,37,https://www.compareschoolrankings.org/pdf/ontario-elementary-school-rankings-2025.pdf,tvdsb-elementary-2026-2027.pdf#page=4,1260,tvdsb-elementary-2026-2027.pdf#page=4,현재 학교명·도시를 원본 표기와 연결하고 순위·점수를 별도 PDF 추출기로 재대조.,2913 2681 — Forest Park St. Thomas 2.6 2.6,2026-09-16
Thames Valley,Elementary,Glen Cairn,London,3024,1.1,Ranked,Glen Cairn London,38,https://www.compareschoolrankings.org/pdf/ontario-elementary-school-rankings-2025.pdf,tvdsb-elementary-2026-2027.pdf#page=4,1265,tvdsb-elementary-2026-2027.pdf#page=4,현재 학교명·도시를 원본 표기와 연결하고 순위·점수를 별도 PDF 추출기로 재대조.,3024 2676 q Glen Cairn London 1.1 2.6,2026-09-16
Thames Valley,Elementary,Harrisfield,Ingersoll,1964,5.4,Ranked,Harris Heights Ingersoll,29,https://www.compareschoolrankings.org/pdf/ontario-elementary-school-rankings-2025.pdf,tvdsb-elementary-2026-2027.pdf#page=4,1270,https://tvotblog.blogspot.com/2011/09/,현재 학교명·도시를 원본 표기와 연결하고 순위·점수를 별도 PDF 추출기로 재대조.,1964 1900 — Harris Heights Ingersoll 5.4 5.3,2026-09-16
Thames Valley,Elementary,Hickson Central,Hickson,993,6.8,Ranked,Hickson Central Hickson,21,https://www.compareschoolrankings.org/pdf/ontario-elementary-school-rankings-2025.pdf,tvdsb-elementary-2026-2027.pdf#page=5,1275,tvdsb-elementary-2026-2027.pdf#page=5,현재 학교명·도시를 원본 표기와 연결하고 순위·점수를 별도 PDF 추출기로 재대조.,993 1624 — Hickson Central Hickson 6.8 5.8,2026-09-16
Thames Valley,Elementary,Hillcrest,London,2860,3.0,Ranked,Hillcrest London,37,https://www.compareschoolrankings.org/pdf/ontario-elementary-school-rankings-2025.pdf,tvdsb-elementary-2026-2027.pdf#page=5,1285,tvdsb-elementary-2026-2027.pdf#page=5,현재 학교명·도시를 원본 표기와 연결하고 순위·점수를 별도 PDF 추출기로 재대조.,2860 2561 — Hillcrest London 3.0 3.6,2026-09-16
Thames Valley,Elementary,Innerkip Central,Innerkip,643,7.4,Ranked,Innerkip Central Innerkip,18,https://www.compareschoolrankings.org/pdf/ontario-elementary-school-rankings-2025.pdf,tvdsb-elementary-2026-2027.pdf#page=5,1300,tvdsb-elementary-2026-2027.pdf#page=5,현재 학교명·도시를 원본 표기와 연결하고 순위·점수를 별도 PDF 추출기로 재대조.,643 1380 — Innerkip Central Innerkip 7.4 6.2,2026-09-16
Thames Valley,Elementary,J.S. Buchanan French Immersion,Strathroy,1850,5.6,Ranked,J.S. Buchanan FI PS Strathroy,29,https://www.compareschoolrankings.org/pdf/ontario-elementary-school-rankings-2025.pdf,tvdsb-elementary-2026-2027.pdf#page=5,1641,tvdsb-elementary-2026-2027.pdf#page=5,현재 학교명·도시를 원본 표기와 연결하고 순위·점수를 별도 PDF 추출기로 재대조.,1850 n/a n/a J.S. Buchanan FI PS Strathroy 5.6 n/a,2026-09-16
Thames Valley,Elementary,Jack Chambers,London,149,8.8,Ranked,Jack Chambers London,14,https://www.compareschoolrankings.org/pdf/ontario-elementary-school-rankings-2025.pdf,tvdsb-elementary-2026-2027.pdf#page=5,1305,tvdsb-elementary-2026-2027.pdf#page=5,현재 학교명·도시를 원본 표기와 연결하고 순위·점수를 별도 PDF 추출기로 재대조.,149 37 — Jack Chambers London 8.8 9.0,2026-09-16
Thames Valley,Elementary,Jackson Meadows,London,,,No entry located in 2025 report,,,https://www.compareschoolrankings.org/pdf/ontario-elementary-school-rankings-2025.pdf,tvdsb-elementary-2026-2027.pdf#page=5,1885,https://www.tvdsb.ca/our-board/planning/capital-projects/,2023–24 데이터 이후 신설된 학교로 별도 확인. 2025 보고서에 해당 학교의 순위 행 없음. 다른 학교 점수 대입 안 함.,,2026-09-16
Thames Valley,Elementary,Jeanne Sauvé French Immersion,London,1282,6.4,Ranked,Jeanne-Sauvé PS London,24,https://www.compareschoolrankings.org/pdf/ontario-elementary-school-rankings-2025.pdf,tvdsb-elementary-2026-2027.pdf#page=5,1310,tvdsb-elementary-2026-2027.pdf#page=5,현재 학교명·도시를 원본 표기와 연결하고 순위·점수를 별도 PDF 추출기로 재대조.,1282 n/a n/a Jeanne-Sauvé PS London 6.4 n/a,2026-09-16
Thames Valley,Elementary,John Dearness,London,38,9.8,Ranked,John Dearness London,13,https://www.compareschoolrankings.org/pdf/ontario-elementary-school-rankings-2025.pdf,tvdsb-elementary-2026-2027.pdf#page=5,1320,tvdsb-elementary-2026-2027.pdf#page=5,현재 학교명·도시를 원본 표기와 연결하고 순위·점수를 별도 PDF 추출기로 재대조.,38 93 p John Dearness London 9.8 8.5,2026-09-16
Thames Valley,Elementary,John P. Robarts,London,2657,3.9,Ranked,John P Robarts London,35,https://www.compareschoolrankings.org/pdf/ontario-elementary-school-rankings-2025.pdf,tvdsb-elementary-2026-2027.pdf#page=5,1315,tvdsb-elementary-2026-2027.pdf#page=5,현재 학교명·도시를 원본 표기와 연결하고 순위·점수를 별도 PDF 추출기로 재대조.,2657 2614 — John P Robarts London 3.9 3.3,2026-09-16
Thames Valley,Elementary,John Wise,St. Thomas,2474,4.4,Ranked,John Wise St. Thomas,33,https://www.compareschoolrankings.org/pdf/ontario-elementary-school-rankings-2025.pdf,tvdsb-elementary-2026-2027.pdf#page=5,1905,tvdsb-elementary-2026-2027.pdf#page=5,현재 학교명·도시를 원본 표기와 연결하고 순위·점수를 별도 PDF 추출기로 재대조.,2474 2479 — John Wise St. Thomas 4.4 3.9,2026-09-16
Thames Valley,Elementary,June Rose Callwood,St. Thomas,2718,3.7,Ranked,Edward Street St. Thomas,35,https://www.compareschoolrankings.org/pdf/ontario-elementary-school-rankings-2025.pdf,tvdsb-elementary-2026-2027.pdf#page=5,1200,https://tvotblog.blogspot.com/2011/09/,현재 학교명·도시를 원본 표기와 연결하고 순위·점수를 별도 PDF 추출기로 재대조.,2718 2414 q Edward Street St. Thomas 3.7 4.2,2026-09-16
Thames Valley,Elementary,Kensal Park French Immersion,London,1348,6.3,Ranked,Kensal Park PS London,24,https://www.compareschoolrankings.org/pdf/ontario-elementary-school-rankings-2025.pdf,tvdsb-elementary-2026-2027.pdf#page=6,1325,tvdsb-elementary-2026-2027.pdf#page=6,현재 학교명·도시를 원본 표기와 연결하고 순위·점수를 별도 PDF 추출기로 재대조.,1348 n/a n/a Kensal Park PS London 6.3 n/a,2026-09-16
Thames Valley,Elementary,Kettle Creek,Port Stanley,1495,6.1,Ranked,Port Stanley Port Stanley,25,https://www.compareschoolrankings.org/pdf/ontario-elementary-school-rankings-2025.pdf,tvdsb-elementary-2026-2027.pdf#page=6,1535,https://www.cornerstonearchitecture.ca/projects/education/,현재 학교명·도시를 원본 표기와 연결하고 순위·점수를 별도 PDF 추출기로 재대조.,1495 n/a n/a Port Stanley Port Stanley 6.1 n/a,2026-09-16
Thames Valley,Elementary,Knollwood Park,London,2925,2.5,Ranked,Knollwood Park London,37,https://www.compareschoolrankings.org/pdf/ontario-elementary-school-rankings-2025.pdf,tvdsb-elementary-2026-2027.pdf#page=6,1330,tvdsb-elementary-2026-2027.pdf#page=6,현재 학교명·도시를 원본 표기와 연결하고 순위·점수를 별도 PDF 추출기로 재대조.,2925 2684 — Knollwood Park London 2.5 2.5,2026-09-16
Thames Valley,Elementary,Lambeth,London,313,8.1,Ranked,Lambeth London,15,https://www.compareschoolrankings.org/pdf/ontario-elementary-school-rankings-2025.pdf,tvdsb-elementary-2026-2027.pdf#page=6,1005,tvdsb-elementary-2026-2027.pdf#page=6,현재 학교명·도시를 원본 표기와 연결하고 순위·점수를 별도 PDF 추출기로 재대조.,313 277 p Lambeth London 8.1 7.8,2026-09-16
Thames Valley,Elementary,Laurie Hawkins,Ingersoll,2657,3.9,Ranked,Laurie Hawkins Ingersoll,35,https://www.compareschoolrankings.org/pdf/ontario-elementary-school-rankings-2025.pdf,tvdsb-elementary-2026-2027.pdf#page=6,1930,tvdsb-elementary-2026-2027.pdf#page=6,현재 학교명·도시를 원본 표기와 연결하고 순위·점수를 별도 PDF 추출기로 재대조.,2657 2544 — Laurie Hawkins Ingersoll 3.9 3.7,2026-09-16
Thames Valley,Elementary,Lester B. Pearson School for the Arts,London,,,No entry located in 2025 report,,,https://www.compareschoolrankings.org/pdf/ontario-elementary-school-rankings-2025.pdf,tvdsb-elementary-2026-2027.pdf#page=6,1335,tvdsb-elementary-2026-2027.pdf#page=6,London 학교. Waterloo·Ajax·Brampton 등의 동명 학교와 구분. London의 해당 학교 순위 행 없음.,,2026-09-16
Thames Valley,Elementary,Locke's,St. Thomas,1426,6.2,Ranked,Lockes St. Thomas,25,https://www.compareschoolrankings.org/pdf/ontario-elementary-school-rankings-2025.pdf,tvdsb-elementary-2026-2027.pdf#page=6,1345,tvdsb-elementary-2026-2027.pdf#page=6,현재 학교명·도시를 원본 표기와 연결하고 순위·점수를 별도 PDF 추출기로 재대조.,1426 1861 p Lockes St. Thomas 6.2 5.4,2026-09-16
Thames Valley,Elementary,Lord Elgin,London,2891,2.8,Ranked,Lord Elgin London,37,https://www.compareschoolrankings.org/pdf/ontario-elementary-school-rankings-2025.pdf,tvdsb-elementary-2026-2027.pdf#page=6,1355,tvdsb-elementary-2026-2027.pdf#page=6,현재 학교명·도시를 원본 표기와 연결하고 순위·점수를 별도 PDF 추출기로 재대조.,2891 2673 — Lord Elgin London 2.8 2.7,2026-09-16
Thames Valley,Elementary,Lord Nelson,London,2588,4.1,Ranked,Lord Nelson London,34,https://www.compareschoolrankings.org/pdf/ontario-elementary-school-rankings-2025.pdf,tvdsb-elementary-2026-2027.pdf#page=6,1350,tvdsb-elementary-2026-2027.pdf#page=6,현재 학교명·도시를 원본 표기와 연결하고 순위·점수를 별도 PDF 추출기로 재대조.,2588 2568 — Lord Nelson London 4.1 3.6,2026-09-16
Thames Valley,Elementary,Louise Arbour French Immersion,London,873,7.0,Ranked,Louise Arbour FI London,20,https://www.compareschoolrankings.org/pdf/ontario-elementary-school-rankings-2025.pdf,tvdsb-elementary-2026-2027.pdf#page=6,1296,tvdsb-elementary-2026-2027.pdf#page=6,현재 학교명·도시를 원본 표기와 연결하고 순위·점수를 별도 PDF 추출기로 재대조.,873 n/a n/a Louise Arbour FI London 7.0 n/a,2026-09-16
Thames Valley,Elementary,Mary Wright,Strathroy,2258,4.9,Ranked,Mary Wright Strathroy,32,https://www.compareschoolrankings.org/pdf/ontario-elementary-school-rankings-2025.pdf,tvdsb-elementary-2026-2027.pdf#page=7,1935,tvdsb-elementary-2026-2027.pdf#page=7,현재 학교명·도시를 원본 표기와 연결하고 순위·점수를 별도 PDF 추출기로 재대조.,2258 2277 — Mary Wright Strathroy 4.9 4.6,2026-09-16
Thames Valley,Elementary,Masonville,London,231,8.4,Ranked,Masonville London,14,https://www.compareschoolrankings.org/pdf/ontario-elementary-school-rankings-2025.pdf,tvdsb-elementary-2026-2027.pdf#page=7,1400,tvdsb-elementary-2026-2027.pdf#page=7,현재 학교명·도시를 원본 표기와 연결하고 순위·점수를 별도 PDF 추출기로 재대조.,231 27 — Masonville London 8.4 9.1,2026-09-16
Thames Valley,Elementary,McGillivray Central,Ailsa Craig,1348,6.3,Ranked,McGillivray Central Ailsa Craig,24,https://www.compareschoolrankings.org/pdf/ontario-elementary-school-rankings-2025.pdf,tvdsb-elementary-2026-2027.pdf#page=7,1410,tvdsb-elementary-2026-2027.pdf#page=7,현재 학교명·도시를 원본 표기와 연결하고 순위·점수를 별도 PDF 추출기로 재대조.,1348 n/a n/a McGillivray Central Ailsa Craig 6.3 n/a,2026-09-16
Thames Valley,Elementary,McGregor,Aylmer,,,No entry located in 2025 report,,,https://www.compareschoolrankings.org/pdf/ontario-elementary-school-rankings-2025.pdf,tvdsb-elementary-2026-2027.pdf#page=7,1405,tvdsb-elementary-2026-2027.pdf#page=7,현재명과 Aylmer의 전체 원본 항목을 대조했으나 순위 행 없음. Windsor의 Gordon McGregor와 다른 학교.,,2026-09-16
Thames Valley,Elementary,Mitchell Hepburn,St. Thomas,1777,5.7,Ranked,Mitchell Hepburn St. Thomas,28,https://www.compareschoolrankings.org/pdf/ontario-elementary-school-rankings-2025.pdf,tvdsb-elementary-2026-2027.pdf#page=7,1900,tvdsb-elementary-2026-2027.pdf#page=7,현재 학교명·도시를 원본 표기와 연결하고 순위·점수를 별도 PDF 추출기로 재대조.,1777 1572 — Mitchell Hepburn St. Thomas 5.7 5.9,2026-09-16
Thames Valley,Elementary,Mosa Central,Glencoe,2258,4.9,Ranked,Mosa Central Glencoe,32,https://www.compareschoolrankings.org/pdf/ontario-elementary-school-rankings-2025.pdf,tvdsb-elementary-2026-2027.pdf#page=7,1420,tvdsb-elementary-2026-2027.pdf#page=7,현재 학교명·도시를 원본 표기와 연결하고 순위·점수를 별도 PDF 추출기로 재대조.,2258 2374 — Mosa Central Glencoe 4.9 4.3,2026-09-16
Thames Valley,Elementary,Mountsfield,London,1062,6.7,Ranked,Mountsfield London,21,https://www.compareschoolrankings.org/pdf/ontario-elementary-school-rankings-2025.pdf,tvdsb-elementary-2026-2027.pdf#page=7,1425,tvdsb-elementary-2026-2027.pdf#page=7,현재 학교명·도시를 원본 표기와 연결하고 순위·점수를 별도 PDF 추출기로 재대조.,1062 763 — Mountsfield London 6.7 7.0,2026-09-16
Thames Valley,Elementary,New Sarum,St. Thomas,2385,4.6,Ranked,New Sarum St. Thomas,33,https://www.compareschoolrankings.org/pdf/ontario-elementary-school-rankings-2025.pdf,tvdsb-elementary-2026-2027.pdf#page=7,1435,tvdsb-elementary-2026-2027.pdf#page=7,현재 학교명·도시를 원본 표기와 연결하고 순위·점수를 별도 PDF 추출기로 재대조.,2385 1867 — New Sarum St. Thomas 4.6 5.4,2026-09-16
Thames Valley,Elementary,Nicholas Wilson,London,2969,2.0,Ranked,Nicholas Wilson London,37,https://www.compareschoolrankings.org/pdf/ontario-elementary-school-rankings-2025.pdf,tvdsb-elementary-2026-2027.pdf#page=7,1440,tvdsb-elementary-2026-2027.pdf#page=7,현재 학교명·도시를 원본 표기와 연결하고 순위·점수를 별도 PDF 추출기로 재대조.,2969 2561 — Nicholas Wilson London 2.0 3.6,2026-09-16
Thames Valley,Elementary,North Meadows,Strathroy,2026,5.3,Ranked,North Meadows Strathroy,30,https://www.compareschoolrankings.org/pdf/ontario-elementary-school-rankings-2025.pdf,tvdsb-elementary-2026-2027.pdf#page=7,1450,tvdsb-elementary-2026-2027.pdf#page=7,현재 학교명·도시를 원본 표기와 연결하고 순위·점수를 별도 PDF 추출기로 재대조.,2026 1811 — North Meadows Strathroy 5.3 5.5,2026-09-16
Thames Valley,Elementary,Northbrae,London,1495,6.1,Ranked,Northbrae London,25,https://www.compareschoolrankings.org/pdf/ontario-elementary-school-rankings-2025.pdf,tvdsb-elementary-2026-2027.pdf#page=7,1455,tvdsb-elementary-2026-2027.pdf#page=7,현재 학교명·도시를 원본 표기와 연결하고 순위·점수를 별도 PDF 추출기로 재대조.,1495 2437 — Northbrae London 6.1 4.1,2026-09-16
Thames Valley,Elementary,Northdale,Woodstock,2952,2.2,Ranked,Northdale Woodstock,37,https://www.compareschoolrankings.org/pdf/ontario-elementary-school-rankings-2025.pdf,tvdsb-elementary-2026-2027.pdf#page=8,1470,tvdsb-elementary-2026-2027.pdf#page=8,현재 학교명·도시를 원본 표기와 연결하고 순위·점수를 별도 PDF 추출기로 재대조.,2952 2529 — Northdale Woodstock 2.2 3.8,2026-09-16
Thames Valley,Elementary,Northdale Central,Dorchester,,,No entry located in 2025 report,,,https://www.compareschoolrankings.org/pdf/ontario-elementary-school-rankings-2025.pdf,tvdsb-elementary-2026-2027.pdf#page=8,1460,tvdsb-elementary-2026-2027.pdf#page=8,Dorchester의 학교. Woodstock의 Northdale과 다른 학교이며 해당 도시의 원본 전체 항목에서 순위 행 없음.,,2026-09-16
Thames Valley,Elementary,Northridge,London,532,7.6,Ranked,Northridge London,17,https://www.compareschoolrankings.org/pdf/ontario-elementary-school-rankings-2025.pdf,tvdsb-elementary-2026-2027.pdf#page=8,1475,tvdsb-elementary-2026-2027.pdf#page=8,현재 학교명·도시를 원본 표기와 연결하고 순위·점수를 별도 PDF 추출기로 재대조.,532 495 — Northridge London 7.6 7.4,2026-09-16
Thames Valley,Elementary,Northwest,London,,,No entry located in 2025 report,,,https://www.compareschoolrankings.org/pdf/ontario-elementary-school-rankings-2025.pdf,tvdsb-elementary-2026-2027.pdf#page=8,1451,https://www.tvdsb.ca/our-board/planning/capital-projects/,2023–24 데이터 이후 신설된 학교로 별도 확인. 2025 보고서에 해당 학교의 순위 행 없음. 다른 학교 점수 대입 안 함.,,2026-09-16
Thames Valley,Elementary,Old North,London,161,8.7,Ranked,Ryerson London,14,https://www.compareschoolrankings.org/pdf/ontario-elementary-school-rankings-2025.pdf,tvdsb-elementary-2026-2027.pdf#page=8,1595,https://boardapps.tvdsb.ca/purchasing/tender/pub/t058/README.PDF,현재 학교명·도시를 원본 표기와 연결하고 순위·점수를 별도 PDF 추출기로 재대조.,161 115 — Ryerson London 8.7 8.4,2026-09-16
Thames Valley,Elementary,Oliver Stephens,Woodstock,1426,6.2,Ranked,Oliver Stephens Woodstock,25,https://www.compareschoolrankings.org/pdf/ontario-elementary-school-rankings-2025.pdf,tvdsb-elementary-2026-2027.pdf#page=8,1485,tvdsb-elementary-2026-2027.pdf#page=8,현재 학교명·도시를 원본 표기와 연결하고 순위·점수를 별도 PDF 추출기로 재대조.,1426 2385 p Oliver Stephens Woodstock 6.2 4.3,2026-09-16
Thames Valley,Elementary,Orchard Park,London,313,8.1,Ranked,Orchard Park London,15,https://www.compareschoolrankings.org/pdf/ontario-elementary-school-rankings-2025.pdf,tvdsb-elementary-2026-2027.pdf#page=8,1490,tvdsb-elementary-2026-2027.pdf#page=8,현재 학교명·도시를 원본 표기와 연결하고 순위·점수를 별도 PDF 추출기로 재대조.,313 127 — Orchard Park London 8.1 8.3,2026-09-16
Thames Valley,Elementary,Oxbow,Ilderton,589,7.5,Ranked,Oxbow Ilderton,18,https://www.compareschoolrankings.org/pdf/ontario-elementary-school-rankings-2025.pdf,tvdsb-elementary-2026-2027.pdf#page=8,1500,tvdsb-elementary-2026-2027.pdf#page=8,현재 학교명·도시를 원본 표기와 연결하고 순위·점수를 별도 PDF 추출기로 재대조.,589 1311 — Oxbow Ilderton 7.5 6.3,2026-09-16
Thames Valley,Elementary,Parkhill-West Williams,Parkhill,2624,4.0,Ranked,Parkhill-West Williams Parkhill,35,https://www.compareschoolrankings.org/pdf/ontario-elementary-school-rankings-2025.pdf,tvdsb-elementary-2026-2027.pdf#page=8,1510,tvdsb-elementary-2026-2027.pdf#page=8,현재 학교명·도시를 원본 표기와 연결하고 순위·점수를 별도 PDF 추출기로 재대조.,2624 2631 — Parkhill-West Williams Parkhill 4.0 3.1,2026-09-16
Thames Valley,Elementary,Parkview,Komoka,351,8.0,Ranked,Parkview Komoka,15,https://www.compareschoolrankings.org/pdf/ontario-elementary-school-rankings-2025.pdf,tvdsb-elementary-2026-2027.pdf#page=8,1515,tvdsb-elementary-2026-2027.pdf#page=8,현재 학교명·도시를 원본 표기와 연결하고 순위·점수를 별도 PDF 추출기로 재대조.,351 628 — Parkview Komoka 8.0 7.2,2026-09-16
Thames Valley,Elementary,Pierre Elliott Trudeau French Immersion,St. Thomas,1210,6.5,Ranked,Pierre Elliott Trudeau FI St. Thomas,23,https://www.compareschoolrankings.org/pdf/ontario-elementary-school-rankings-2025.pdf,tvdsb-elementary-2026-2027.pdf#page=9,1290,tvdsb-elementary-2026-2027.pdf#page=9,현재 학교명·도시를 원본 표기와 연결하고 순위·점수를 별도 PDF 추출기로 재대조.,1210 n/a n/a Pierre Elliott Trudeau FI St. Thomas 6.5 n/a,2026-09-16
Thames Valley,Elementary,Plattsville & District,Plattsville,2155,5.1,Ranked,Plattsville Plattsville,31,https://www.compareschoolrankings.org/pdf/ontario-elementary-school-rankings-2025.pdf,tvdsb-elementary-2026-2027.pdf#page=9,1520,tvdsb-elementary-2026-2027.pdf#page=9,현재 학교명·도시를 원본 표기와 연결하고 순위·점수를 별도 PDF 추출기로 재대조.,2155 1965 — Plattsville Plattsville 5.1 5.2,2026-09-16
Thames Valley,Elementary,Port Burwell,Port Burwell,2718,3.7,Ranked,Port Burwell Port Burwell,35,https://www.compareschoolrankings.org/pdf/ontario-elementary-school-rankings-2025.pdf,tvdsb-elementary-2026-2027.pdf#page=9,1530,tvdsb-elementary-2026-2027.pdf#page=9,현재 학교명·도시를 원본 표기와 연결하고 순위·점수를 별도 PDF 추출기로 재대조.,2718 2604 — Port Burwell Port Burwell 3.7 3.3,2026-09-16
Thames Valley,Elementary,Prince Charles,London,2942,2.3,Ranked,Prince Charles London,37,https://www.compareschoolrankings.org/pdf/ontario-elementary-school-rankings-2025.pdf,tvdsb-elementary-2026-2027.pdf#page=9,1540,tvdsb-elementary-2026-2027.pdf#page=9,현재 학교명·도시를 원본 표기와 연결하고 순위·점수를 별도 PDF 추출기로 재대조.,2942 2654 — Prince Charles London 2.3 2.9,2026-09-16
Thames Valley,Elementary,Princess Anne French Immersion,London,1964,5.4,Ranked,Princess Anne FI London,29,https://www.compareschoolrankings.org/pdf/ontario-elementary-school-rankings-2025.pdf,tvdsb-elementary-2026-2027.pdf#page=9,1555,tvdsb-elementary-2026-2027.pdf#page=9,현재 학교명·도시를 원본 표기와 연결하고 순위·점수를 별도 PDF 추출기로 재대조.,1964 n/a n/a Princess Anne FI London 5.4 n/a,2026-09-16
Thames Valley,Elementary,Princess Elizabeth,London,2155,5.1,Ranked,Princess Elizabeth London,31,https://www.compareschoolrankings.org/pdf/ontario-elementary-school-rankings-2025.pdf,tvdsb-elementary-2026-2027.pdf#page=9,1565,tvdsb-elementary-2026-2027.pdf#page=9,현재 학교명·도시를 원본 표기와 연결하고 순위·점수를 별도 PDF 추출기로 재대조.,2155 2073 — Princess Elizabeth London 5.1 5.0,2026-09-16
Thames Valley,Elementary,Rick Hansen,London,2762,3.5,Ranked,Rick Hansen London,36,https://www.compareschoolrankings.org/pdf/ontario-elementary-school-rankings-2025.pdf,tvdsb-elementary-2026-2027.pdf#page=9,1575,tvdsb-elementary-2026-2027.pdf#page=9,현재 학교명·도시를 원본 표기와 연결하고 순위·점수를 별도 PDF 추출기로 재대조.,2762 2196 q Rick Hansen London 3.5 4.7,2026-09-16
Thames Valley,Elementary,River Heights,Dorchester,,,No entry located in 2025 report,,,https://www.compareschoolrankings.org/pdf/ontario-elementary-school-rankings-2025.pdf,tvdsb-elementary-2026-2027.pdf#page=9,1580,tvdsb-elementary-2026-2027.pdf#page=9,Dorchester 학교. 기존 351위·8.0은 Caledonia의 동명 학교 수치이므로 제거. Dorchester의 2025 순위 행 없음.,,2026-09-16
Thames Valley,Elementary,Riverside,London,589,7.5,Ranked,Riverside London,18,https://www.compareschoolrankings.org/pdf/ontario-elementary-school-rankings-2025.pdf,tvdsb-elementary-2026-2027.pdf#page=9,1585,tvdsb-elementary-2026-2027.pdf#page=9,현재 학교명·도시를 원본 표기와 연결하고 순위·점수를 별도 PDF 추출기로 재대조.,589 921 — Riverside London 7.5 6.7,2026-09-16
Thames Valley,Elementary,Roch Carrier F.I.,Woodstock,702,7.3,Ranked,Roch Carrier F.I. PS Woodstock,19,https://www.compareschoolrankings.org/pdf/ontario-elementary-school-rankings-2025.pdf,tvdsb-elementary-2026-2027.pdf#page=9,1281,tvdsb-elementary-2026-2027.pdf#page=9,현재 학교명·도시를 원본 표기와 연결하고 순위·점수를 별도 PDF 추출기로 재대조.,702 n/a n/a Roch Carrier F.I. PS Woodstock 7.3 n/a,2026-09-16
Thames Valley,Elementary,Royal Roads,Ingersoll,1282,6.4,Ranked,Princess Anne Ingersoll,23,https://www.compareschoolrankings.org/pdf/ontario-elementary-school-rankings-2025.pdf,tvdsb-elementary-2026-2027.pdf#page=10,1550,https://tvotblog.blogspot.com/2011/09/,현재 학교명·도시를 원본 표기와 연결하고 순위·점수를 별도 PDF 추출기로 재대조.,1282 1597 — Princess Anne Ingersoll 6.4 5.9,2026-09-16
Thames Valley,Elementary,Sir Arthur Currie,London,149,8.8,Ranked,Sir Arthur Currie London,14,https://www.compareschoolrankings.org/pdf/ontario-elementary-school-rankings-2025.pdf,tvdsb-elementary-2026-2027.pdf#page=10,1825,tvdsb-elementary-2026-2027.pdf#page=10,현재 학교명·도시를 원본 표기와 연결하고 순위·점수를 별도 PDF 추출기로 재대조.,149 547 p Sir Arthur Currie London 8.8 7.3,2026-09-16
Thames Valley,Elementary,Sir G.E. Cartier,London,2690,3.8,Ranked,Sir George Etienne Cartier London,35,https://www.compareschoolrankings.org/pdf/ontario-elementary-school-rankings-2025.pdf,tvdsb-elementary-2026-2027.pdf#page=10,1620,tvdsb-elementary-2026-2027.pdf#page=10,현재 학교명·도시를 원본 표기와 연결하고 순위·점수를 별도 PDF 추출기로 재대조.,2690 2645 — Sir George Etienne Cartier London 3.8 3.0,2026-09-16
Thames Valley,Elementary,Sir Isaac Brock,London,1495,6.1,Ranked,Sir Isaac Brock London,25,https://www.compareschoolrankings.org/pdf/ontario-elementary-school-rankings-2025.pdf,tvdsb-elementary-2026-2027.pdf#page=10,1615,tvdsb-elementary-2026-2027.pdf#page=10,현재 학교명·도시를 원본 표기와 연결하고 순위·점수를 별도 PDF 추출기로 재대조.,1495 1662 — Sir Isaac Brock London 6.1 5.8,2026-09-16
Thames Valley,Elementary,Sir John A. Macdonald,London,2509,4.3,Ranked,Sir John A Macdonald London,34,https://www.compareschoolrankings.org/pdf/ontario-elementary-school-rankings-2025.pdf,tvdsb-elementary-2026-2027.pdf#page=10,1625,tvdsb-elementary-2026-2027.pdf#page=10,현재 학교명·도시를 원본 표기와 연결하고 순위·점수를 별도 PDF 추출기로 재대조.,2509 2679 p Sir John A Macdonald London 4.3 2.6,2026-09-16
Thames Valley,Elementary,South Dorchester,Belmont,1210,6.5,Ranked,South Dorchester Belmont,23,https://www.compareschoolrankings.org/pdf/ontario-elementary-school-rankings-2025.pdf,tvdsb-elementary-2026-2027.pdf#page=10,1630,tvdsb-elementary-2026-2027.pdf#page=10,현재 학교명·도시를 원본 표기와 연결하고 순위·점수를 별도 PDF 추출기로 재대조.,1210 1111 — South Dorchester Belmont 6.5 6.5,2026-09-16
Thames Valley,Elementary,South Ridge,Tillsonburg,2624,4.0,Ranked,South Ridge Tillsonburg,35,https://www.compareschoolrankings.org/pdf/ontario-elementary-school-rankings-2025.pdf,tvdsb-elementary-2026-2027.pdf#page=10,1635,tvdsb-elementary-2026-2027.pdf#page=10,현재 학교명·도시를 원본 표기와 연결하고 순위·점수를 별도 PDF 추출기로 재대조.,2624 2325 — South Ridge Tillsonburg 4.0 4.4,2026-09-16
Thames Valley,Elementary,Southside,Woodstock,2026,5.3,Ranked,Southside Woodstock,30,https://www.compareschoolrankings.org/pdf/ontario-elementary-school-rankings-2025.pdf,tvdsb-elementary-2026-2027.pdf#page=10,1645,tvdsb-elementary-2026-2027.pdf#page=10,현재 학교명·도시를 원본 표기와 연결하고 순위·점수를 별도 PDF 추출기로 재대조.,2026 2342 — Southside Woodstock 5.3 4.4,2026-09-16
Thames Valley,Elementary,Southwold,St. Thomas,993,6.8,Ranked,Southwold St. Thomas,21,https://www.compareschoolrankings.org/pdf/ontario-elementary-school-rankings-2025.pdf,tvdsb-elementary-2026-2027.pdf#page=10,1650,tvdsb-elementary-2026-2027.pdf#page=10,현재 학교명·도시를 원본 표기와 연결하고 순위·점수를 별도 PDF 추출기로 재대조.,993 1021 — Southwold St. Thomas 6.8 6.6,2026-09-16
Thames Valley,Elementary,Springbank,Woodstock,1850,5.6,Ranked,Springbank Woodstock,28,https://www.compareschoolrankings.org/pdf/ontario-elementary-school-rankings-2025.pdf,tvdsb-elementary-2026-2027.pdf#page=10,1660,tvdsb-elementary-2026-2027.pdf#page=10,현재 학교명·도시를 원본 표기와 연결하고 순위·점수를 별도 PDF 추출기로 재대조.,1850 1983 — Springbank Woodstock 5.6 5.2,2026-09-16
Thames Valley,Elementary,Springfield,Springfield,1850,5.6,Ranked,Springfield Springfield,28,https://www.compareschoolrankings.org/pdf/ontario-elementary-school-rankings-2025.pdf,tvdsb-elementary-2026-2027.pdf#page=11,1665,tvdsb-elementary-2026-2027.pdf#page=11,현재 학교명·도시를 원본 표기와 연결하고 순위·점수를 별도 PDF 추출기로 재대조.,1850 2223 — Springfield Springfield 5.6 4.7,2026-09-16
Thames Valley,Elementary,St. George's,London,392,7.9,Ranked,St Georges London,16,https://www.compareschoolrankings.org/pdf/ontario-elementary-school-rankings-2025.pdf,tvdsb-elementary-2026-2027.pdf#page=11,1670,tvdsb-elementary-2026-2027.pdf#page=11,현재 학교명·도시를 원본 표기와 연결하고 순위·점수를 별도 PDF 추출기로 재대조.,392 561 — St Georges London 7.9 7.3,2026-09-16
Thames Valley,Elementary,Stoney Creek,London,480,7.7,Ranked,Stoney Creek London,16,https://www.compareschoolrankings.org/pdf/ontario-elementary-school-rankings-2025.pdf,tvdsb-elementary-2026-2027.pdf#page=11,1915,tvdsb-elementary-2026-2027.pdf#page=11,현재 학교명·도시를 원본 표기와 연결하고 순위·점수를 별도 PDF 추출기로 재대조.,480 324 — Stoney Creek London 7.7 7.7,2026-09-16
Thames Valley,Elementary,Stoneybrook,London,1640,5.9,Ranked,Stoneybrook London,26,https://www.compareschoolrankings.org/pdf/ontario-elementary-school-rankings-2025.pdf,tvdsb-elementary-2026-2027.pdf#page=11,1675,tvdsb-elementary-2026-2027.pdf#page=11,현재 학교명·도시를 원본 표기와 연결하고 순위·점수를 별도 PDF 추출기로 재대조.,1640 670 q Stoneybrook London 5.9 7.1,2026-09-16
Thames Valley,Elementary,Straffordville,Straffordville,2925,2.5,Ranked,Straffordville Straffordville,37,https://www.compareschoolrankings.org/pdf/ontario-elementary-school-rankings-2025.pdf,tvdsb-elementary-2026-2027.pdf#page=11,1680,tvdsb-elementary-2026-2027.pdf#page=11,현재 학교명·도시를 원본 표기와 연결하고 순위·점수를 별도 PDF 추출기로 재대조.,2925 2560 — Straffordville Straffordville 2.5 3.6,2026-09-16
Thames Valley,Elementary,Summers' Corners,Aylmer,2090,5.2,Ranked,Summers' Corners Aylmer,30,https://www.compareschoolrankings.org/pdf/ontario-elementary-school-rankings-2025.pdf,tvdsb-elementary-2026-2027.pdf#page=11,1685,tvdsb-elementary-2026-2027.pdf#page=11,현재 학교명·도시를 원본 표기와 연결하고 순위·점수를 별도 PDF 추출기로 재대조.,2090 2012 — Summers' Corners Aylmer 5.2 5.1,2026-09-16
Thames Valley,Elementary,Summerside,London,1495,6.1,Ranked,Summerside London,26,https://www.compareschoolrankings.org/pdf/ontario-elementary-school-rankings-2025.pdf,tvdsb-elementary-2026-2027.pdf#page=11,1945,tvdsb-elementary-2026-2027.pdf#page=11,현재 학교명·도시를 원본 표기와 연결하고 순위·점수를 별도 PDF 추출기로 재대조.,1495 n/a n/a Summerside London 6.1 n/a,2026-09-16
Thames Valley,Elementary,Tavistock,Tavistock,589,7.5,Ranked,Tavistock Tavistock,18,https://www.compareschoolrankings.org/pdf/ontario-elementary-school-rankings-2025.pdf,tvdsb-elementary-2026-2027.pdf#page=11,1695,tvdsb-elementary-2026-2027.pdf#page=11,현재 학교명·도시를 원본 표기와 연결하고 순위·점수를 별도 PDF 추출기로 재대조.,589 1557 p Tavistock Tavistock 7.5 5.9,2026-09-16
Thames Valley,Elementary,Tecumseh,London,1282,6.4,Ranked,Tecumseh London,24,https://www.compareschoolrankings.org/pdf/ontario-elementary-school-rankings-2025.pdf,tvdsb-elementary-2026-2027.pdf#page=11,1700,tvdsb-elementary-2026-2027.pdf#page=11,현재 학교명·도시를 원본 표기와 연결하고 순위·점수를 별도 PDF 추출기로 재대조.,1282 1983 — Tecumseh London 6.4 5.2,2026-09-16
Thames Valley,Elementary,Thamesford,Thamesford,2624,4.0,Ranked,Thamesford Thamesford,35,https://www.compareschoolrankings.org/pdf/ontario-elementary-school-rankings-2025.pdf,tvdsb-elementary-2026-2027.pdf#page=11,1705,tvdsb-elementary-2026-2027.pdf#page=11,현재 학교명·도시를 원본 표기와 연결하고 순위·점수를 별도 PDF 추출기로 재대조.,2624 2052 q Thamesford Thamesford 4.0 5.1,2026-09-16
Thames Valley,Elementary,Trafalgar,London,3031,0.9,Ranked,Trafalgar Public London,38,https://www.compareschoolrankings.org/pdf/ontario-elementary-school-rankings-2025.pdf,tvdsb-elementary-2026-2027.pdf#page=11,1715,tvdsb-elementary-2026-2027.pdf#page=11,현재 학교명·도시를 원본 표기와 연결하고 순위·점수를 별도 PDF 추출기로 재대조.,3031 n/a n/a Trafalgar Public London 0.9 n/a,2026-09-16
Thames Valley,Elementary,Turtle Island,Woodstock,,,No entry located in 2025 report,,,https://www.compareschoolrankings.org/pdf/ontario-elementary-school-rankings-2025.pdf,tvdsb-elementary-2026-2027.pdf#page=11,1716,https://www.tvdsb.ca/our-board/planning/capital-projects/,2023–24 데이터 이후 신설된 학교로 별도 확인. 2025 보고서에 해당 학교의 순위 행 없음. 다른 학교 점수 대입 안 함.,,2026-09-16
Thames Valley,Elementary,Tweedsmuir,London,2509,4.3,Ranked,Tweedsmuir London,34,https://www.compareschoolrankings.org/pdf/ontario-elementary-school-rankings-2025.pdf,tvdsb-elementary-2026-2027.pdf#page=12,1720,tvdsb-elementary-2026-2027.pdf#page=12,현재 학교명·도시를 원본 표기와 연결하고 순위·점수를 별도 PDF 추출기로 재대조.,2509 2445 — Tweedsmuir London 4.3 4.1,2026-09-16
Thames Valley,Elementary,University Heights,London,351,8.0,Ranked,University Heights London,15,https://www.compareschoolrankings.org/pdf/ontario-elementary-school-rankings-2025.pdf,tvdsb-elementary-2026-2027.pdf#page=12,1725,tvdsb-elementary-2026-2027.pdf#page=12,현재 학교명·도시를 원본 표기와 연결하고 순위·점수를 별도 PDF 추출기로 재대조.,351 657 — University Heights London 8.0 7.1,2026-09-16
Thames Valley,Elementary,Valleyview,Ilderton,1348,6.3,Ranked,Valleyview Central Ilderton,24,https://www.compareschoolrankings.org/pdf/ontario-elementary-school-rankings-2025.pdf,tvdsb-elementary-2026-2027.pdf#page=12,1730,https://pub-tvdsb.escribemeetings.com/filestream.ashx?DocumentId=7956,현재 학교명·도시를 원본 표기와 연결하고 순위·점수를 별도 PDF 추출기로 재대조.,1348 1229 — Valleyview Central Ilderton 6.3 6.3,2026-09-16
Thames Valley,Elementary,Victoria,London,3044,0.4,Ranked,Victoria London,38,https://www.compareschoolrankings.org/pdf/ontario-elementary-school-rankings-2025.pdf,tvdsb-elementary-2026-2027.pdf#page=12,1740,tvdsb-elementary-2026-2027.pdf#page=12,현재 학교명·도시를 원본 표기와 연결하고 순위·점수를 별도 PDF 추출기로 재대조.,3044 2721 — Victoria London 0.4 1.5,2026-09-16
Thames Valley,Elementary,W. Sherwood Fox,London,1640,5.9,Ranked,W Sherwood Fox London,27,https://www.compareschoolrankings.org/pdf/ontario-elementary-school-rankings-2025.pdf,tvdsb-elementary-2026-2027.pdf#page=12,1750,tvdsb-elementary-2026-2027.pdf#page=12,현재 학교명·도시를 원본 표기와 연결하고 순위·점수를 별도 PDF 추출기로 재대조.,1640 2106 — W Sherwood Fox London 5.9 4.9,2026-09-16
Thames Valley,Elementary,West Nissouri,Thorndale,2090,5.2,Ranked,West Nissouri Thorndale,30,https://www.compareschoolrankings.org/pdf/ontario-elementary-school-rankings-2025.pdf,tvdsb-elementary-2026-2027.pdf#page=12,1920,tvdsb-elementary-2026-2027.pdf#page=12,현재 학교명·도시를 원본 표기와 연결하고 순위·점수를 별도 PDF 추출기로 재대조.,2090 1686 — West Nissouri Thorndale 5.2 5.7,2026-09-16
Thames Valley,Elementary,West Oaks F.I.,London,182,8.6,Ranked,West Oaks FI London,14,https://www.compareschoolrankings.org/pdf/ontario-elementary-school-rankings-2025.pdf,tvdsb-elementary-2026-2027.pdf#page=12,1766,tvdsb-elementary-2026-2027.pdf#page=12,현재 학교명·도시를 원본 표기와 연결하고 순위·점수를 별도 PDF 추출기로 재대조.,182 n/a n/a West Oaks FI London 8.6 n/a,2026-09-16
Thames Valley,Elementary,Westfield,Tillsonburg,2155,5.1,Ranked,Westfield Tillsonburg,31,https://www.compareschoolrankings.org/pdf/ontario-elementary-school-rankings-2025.pdf,tvdsb-elementary-2026-2027.pdf#page=12,1820,tvdsb-elementary-2026-2027.pdf#page=12,현재 학교명·도시를 원본 표기와 연결하고 순위·점수를 별도 PDF 추출기로 재대조.,2155 1882 — Westfield Tillsonburg 5.1 5.3,2026-09-16
Thames Valley,Elementary,Westmount,London,873,7.0,Ranked,Westmount London,20,https://www.compareschoolrankings.org/pdf/ontario-elementary-school-rankings-2025.pdf,tvdsb-elementary-2026-2027.pdf#page=12,1780,tvdsb-elementary-2026-2027.pdf#page=12,현재 학교명·도시를 원본 표기와 연결하고 순위·점수를 별도 PDF 추출기로 재대조.,873 1296 — Westmount London 7.0 6.3,2026-09-16
Thames Valley,Elementary,White Oaks,London,2690,3.8,Ranked,White Oaks London,35,https://www.compareschoolrankings.org/pdf/ontario-elementary-school-rankings-2025.pdf,tvdsb-elementary-2026-2027.pdf#page=12,1785,tvdsb-elementary-2026-2027.pdf#page=12,현재 학교명·도시를 원본 표기와 연결하고 순위·점수를 별도 PDF 추출기로 재대조.,2690 2486 — White Oaks London 3.8 3.9,2026-09-16
Thames Valley,Elementary,White Pine,London,,,No entry located in 2025 report,,,https://www.compareschoolrankings.org/pdf/ontario-elementary-school-rankings-2025.pdf,tvdsb-elementary-2026-2027.pdf#page=13,1786,https://www.tvdsb.ca/our-board/planning/capital-projects/,2023–24 데이터 이후 신설된 학교로 별도 확인. 2025 보고서에 해당 학교의 순위 행 없음. 다른 학교 점수 대입 안 함.,,2026-09-16
Thames Valley,Elementary,Wilberforce,Lucan,1921,5.5,Ranked,Wilberforce Lucan,29,https://www.compareschoolrankings.org/pdf/ontario-elementary-school-rankings-2025.pdf,tvdsb-elementary-2026-2027.pdf#page=13,1910,tvdsb-elementary-2026-2027.pdf#page=13,현재 학교명·도시를 원본 표기와 연결하고 순위·점수를 별도 PDF 추출기로 재대조.,1921 2029 — Wilberforce Lucan 5.5 5.1,2026-09-16
Thames Valley,Elementary,Wilfrid Jury,London,2385,4.6,Ranked,Wilfrid Jury London,33,https://www.compareschoolrankings.org/pdf/ontario-elementary-school-rankings-2025.pdf,tvdsb-elementary-2026-2027.pdf#page=13,1790,tvdsb-elementary-2026-2027.pdf#page=13,현재 학교명·도시를 원본 표기와 연결하고 순위·점수를 별도 PDF 추출기로 재대조.,2385 2311 — Wilfrid Jury London 4.6 4.5,2026-09-16
Thames Valley,Elementary,Wilton Grove,London,2925,2.5,Ranked,Wilton Grove London,37,https://www.compareschoolrankings.org/pdf/ontario-elementary-school-rankings-2025.pdf,tvdsb-elementary-2026-2027.pdf#page=13,1795,tvdsb-elementary-2026-2027.pdf#page=13,현재 학교명·도시를 원본 표기와 연결하고 순위·점수를 별도 PDF 추출기로 재대조.,2925 2677 — Wilton Grove London 2.5 2.6,2026-09-16
Thames Valley,Elementary,Winchester Street,Woodstock,2436,4.5,Ranked,D M Sutherland Woodstock,33,https://www.compareschoolrankings.org/pdf/ontario-elementary-school-rankings-2025.pdf,tvdsb-elementary-2026-2027.pdf#page=13,1155,https://tvotblog.blogspot.com/2011/09/,현재 학교명·도시를 원본 표기와 연결하고 순위·점수를 별도 PDF 추출기로 재대조.,2436 2353 p D M Sutherland Woodstock 4.5 4.4,2026-09-16
Thames Valley,Elementary,Woodfield French Immersion,London,873,7.0,Ranked,Lord Roberts FI London,20,https://www.compareschoolrankings.org/pdf/ontario-elementary-school-rankings-2025.pdf,tvdsb-elementary-2026-2027.pdf#page=13,1360,https://pub-tvdsb.escribemeetings.com/filestream.ashx?DocumentId=5465,현재 학교명·도시를 원본 표기와 연결하고 순위·점수를 별도 PDF 추출기로 재대조.,873 n/a n/a Lord Roberts FI London 7.0 n/a,2026-09-16
Thames Valley,Elementary,Woodland Heights,London,2781,3.4,Ranked,Woodland Heights London,36,https://www.compareschoolrankings.org/pdf/ontario-elementary-school-rankings-2025.pdf,tvdsb-elementary-2026-2027.pdf#page=13,1800,tvdsb-elementary-2026-2027.pdf#page=13,현재 학교명·도시를 원본 표기와 연결하고 순위·점수를 별도 PDF 추출기로 재대조.,2781 2670 — Woodland Heights London 3.4 2.7,2026-09-16
Thames Valley,Elementary,Wortley Road,London,1426,6.2,Ranked,Wortley Road London,25,https://www.compareschoolrankings.org/pdf/ontario-elementary-school-rankings-2025.pdf,tvdsb-elementary-2026-2027.pdf#page=13,1805,tvdsb-elementary-2026-2027.pdf#page=13,현재 학교명·도시를 원본 표기와 연결하고 순위·점수를 별도 PDF 추출기로 재대조.,1426 1683 p Wortley Road London 6.2 5.7,2026-09-16
Thames Valley,Elementary,Zorra Highland Park,Embro,2624,4.0,Ranked,Zorra Highland Park Embro,35,https://www.compareschoolrankings.org/pdf/ontario-elementary-school-rankings-2025.pdf,tvdsb-elementary-2026-2027.pdf#page=13,1810,tvdsb-elementary-2026-2027.pdf#page=13,현재 학교명·도시를 원본 표기와 연결하고 순위·점수를 별도 PDF 추출기로 재대조.,2624 2307 — Zorra Highland Park Embro 4.0 4.5,2026-09-16
Thames Valley,Secondary,A.B. Lucas,London,158,7.3,Ranked,A B Lucas London,14,https://www.compareschoolrankings.org/pdf/ontario-secondary-school-rankings-2025.pdf,tvdsb-secondary-2026-2027.pdf#page=1,2190,tvdsb-secondary-2026-2027.pdf#page=1,현재 학교명·도시를 원본 표기와 연결하고 순위·점수를 별도 PDF 추출기로 재대조.,158 137 — A B Lucas London 7.3 7.4,2026-09-16
Thames Valley,Secondary,Central Elgin Collegiate Institute,St. Thomas,453,5.6,Ranked,Central Elgin St Thomas,16,https://www.compareschoolrankings.org/pdf/ontario-secondary-school-rankings-2025.pdf,tvdsb-secondary-2026-2027.pdf#page=1,2060,tvdsb-secondary-2026-2027.pdf#page=1,현재 학교명·도시를 원본 표기와 연결하고 순위·점수를 별도 PDF 추출기로 재대조.,453 371 — Central Elgin St Thomas 5.6 6.0,2026-09-16
Thames Valley,Secondary,Clarke Road,London,672,3.7,Ranked,Clarke Road London,18,https://www.compareschoolrankings.org/pdf/ontario-secondary-school-rankings-2025.pdf,tvdsb-secondary-2026-2027.pdf#page=1,2080,tvdsb-secondary-2026-2027.pdf#page=1,현재 학교명·도시를 원본 표기와 연결하고 순위·점수를 별도 PDF 추출기로 재대조.,672 620 — Clarke Road London 3.7 3.4,2026-09-16
Thames Valley,Secondary,College Avenue,Woodstock,672,3.7,Ranked,College Avenue Woodstock,18,https://www.compareschoolrankings.org/pdf/ontario-secondary-school-rankings-2025.pdf,tvdsb-secondary-2026-2027.pdf#page=1,2090,tvdsb-secondary-2026-2027.pdf#page=1,현재 학교명·도시를 원본 표기와 연결하고 순위·점수를 별도 PDF 추출기로 재대조.,672 634 — College Avenue Woodstock 3.7 2.9,2026-09-16
Thames Valley,Secondary,East Elgin,Aylmer,591,4.6,Ranked,East Elgin Aylmer,17,https://www.compareschoolrankings.org/pdf/ontario-secondary-school-rankings-2025.pdf,tvdsb-secondary-2026-2027.pdf#page=1,2100,tvdsb-secondary-2026-2027.pdf#page=1,현재 학교명·도시를 원본 표기와 연결하고 순위·점수를 별도 PDF 추출기로 재대조.,591 533 — East Elgin Aylmer 4.6 4.7,2026-09-16
Thames Valley,Secondary,Glencoe District,Glencoe,654,4.0,Ranked,Glencoe Glencoe,18,https://www.compareschoolrankings.org/pdf/ontario-secondary-school-rankings-2025.pdf,tvdsb-secondary-2026-2027.pdf#page=1,2120,tvdsb-secondary-2026-2027.pdf#page=1,현재 학교명·도시를 원본 표기와 연결하고 순위·점수를 별도 PDF 추출기로 재대조.,654 559 — Glencoe Glencoe 4.0 4.5,2026-09-16
Thames Valley,Secondary,Glendale,Tillsonburg,582,4.7,Ranked,Glendale Tillsonburg,17,https://www.compareschoolrankings.org/pdf/ontario-secondary-school-rankings-2025.pdf,tvdsb-secondary-2026-2027.pdf#page=1,2130,tvdsb-secondary-2026-2027.pdf#page=1,현재 학교명·도시를 원본 표기와 연결하고 순위·점수를 별도 PDF 추출기로 재대조.,582 507 — Glendale Tillsonburg 4.7 5.0,2026-09-16
Thames Valley,Secondary,H.B. Beal,London,497,5.4,Ranked,H B Beal London,17,https://www.compareschoolrankings.org/pdf/ontario-secondary-school-rankings-2025.pdf,tvdsb-secondary-2026-2027.pdf#page=2,2140,tvdsb-secondary-2026-2027.pdf#page=2,현재 학교명·도시를 원본 표기와 연결하고 순위·점수를 별도 PDF 추출기로 재대조.,497 513 — H B Beal London 5.4 4.9,2026-09-16
Thames Valley,Secondary,Huron Park,Woodstock,573,4.8,Ranked,Huron Park Woodstock,17,https://www.compareschoolrankings.org/pdf/ontario-secondary-school-rankings-2025.pdf,tvdsb-secondary-2026-2027.pdf#page=2,2150,tvdsb-secondary-2026-2027.pdf#page=2,현재 학교명·도시를 원본 표기와 연결하고 순위·점수를 별도 PDF 추출기로 재대조.,573 479 — Huron Park Woodstock 4.8 5.2,2026-09-16
Thames Valley,Secondary,Ingersoll District Collegiate Institute,Ingersoll,513,5.3,Ranked,Ingersoll District Ingersoll,17,https://www.compareschoolrankings.org/pdf/ontario-secondary-school-rankings-2025.pdf,tvdsb-secondary-2026-2027.pdf#page=2,2160,tvdsb-secondary-2026-2027.pdf#page=2,현재 학교명·도시를 원본 표기와 연결하고 순위·점수를 별도 PDF 추출기로 재대조.,513 490 — Ingersoll District Ingersoll 5.3 5.1,2026-09-16
Thames Valley,Secondary,London Central,London,33,8.7,Ranked,London Central London,12,https://www.compareschoolrankings.org/pdf/ontario-secondary-school-rankings-2025.pdf,tvdsb-secondary-2026-2027.pdf#page=2,2070,tvdsb-secondary-2026-2027.pdf#page=2,현재 학교명·도시를 원본 표기와 연결하고 순위·점수를 별도 PDF 추출기로 재대조.,33 16 — London Central London 8.7 8.8,2026-09-16
Thames Valley,Secondary,London South Collegiate Institute,London,513,5.3,Ranked,London South London,17,https://www.compareschoolrankings.org/pdf/ontario-secondary-school-rankings-2025.pdf,tvdsb-secondary-2026-2027.pdf#page=2,2290,tvdsb-secondary-2026-2027.pdf#page=2,현재 학교명·도시를 원본 표기와 연결하고 순위·점수를 별도 PDF 추출기로 재대조.,513 385 — London South London 5.3 5.9,2026-09-16
Thames Valley,Secondary,Lord Dorchester,Dorchester,349,6.2,Ranked,Lord Dorchester Dorchester,15,https://www.compareschoolrankings.org/pdf/ontario-secondary-school-rankings-2025.pdf,tvdsb-secondary-2026-2027.pdf#page=2,2180,tvdsb-secondary-2026-2027.pdf#page=2,현재 학교명·도시를 원본 표기와 연결하고 순위·점수를 별도 PDF 추출기로 재대조.,349 279 — Lord Dorchester Dorchester 6.2 6.5,2026-09-16
Thames Valley,Secondary,Medway,Arva,338,6.3,Ranked,Medway Arva,15,https://www.compareschoolrankings.org/pdf/ontario-secondary-school-rankings-2025.pdf,tvdsb-secondary-2026-2027.pdf#page=2,2210,tvdsb-secondary-2026-2027.pdf#page=2,현재 학교명·도시를 원본 표기와 연결하고 순위·점수를 별도 PDF 추출기로 재대조.,338 228 — Medway Arva 6.3 6.8,2026-09-16
Thames Valley,Secondary,Montcalm,London,697,3.2,Ranked,Montcalm London,18,https://www.compareschoolrankings.org/pdf/ontario-secondary-school-rankings-2025.pdf,tvdsb-secondary-2026-2027.pdf#page=3,2220,tvdsb-secondary-2026-2027.pdf#page=3,현재 학교명·도시를 원본 표기와 연결하고 순위·점수를 별도 PDF 추출기로 재대조.,697 637 — Montcalm London 3.2 2.8,2026-09-16
Thames Valley,Secondary,North Middlesex District,Parkhill,605,4.5,Ranked,North Middlesex DHS Parkhill,18,https://www.compareschoolrankings.org/pdf/ontario-secondary-school-rankings-2025.pdf,tvdsb-secondary-2026-2027.pdf#page=3,2230,tvdsb-secondary-2026-2027.pdf#page=3,현재 학교명·도시를 원본 표기와 연결하고 순위·점수를 별도 PDF 추출기로 재대조.,605 n/a n/a North Middlesex DHS Parkhill 4.5 n/a,2026-09-16
Thames Valley,Secondary,Oakridge,London,86,8.0,Ranked,Oakridge London,13,https://www.compareschoolrankings.org/pdf/ontario-secondary-school-rankings-2025.pdf,tvdsb-secondary-2026-2027.pdf#page=3,2250,tvdsb-secondary-2026-2027.pdf#page=3,현재 학교명·도시를 원본 표기와 연결하고 순위·점수를 별도 PDF 추출기로 재대조.,86 125 — Oakridge London 8.0 7.5,2026-09-16
Thames Valley,Secondary,Parkside Collegiate Institute,St. Thomas,367,6.1,Ranked,Parkside St Thomas,16,https://www.compareschoolrankings.org/pdf/ontario-secondary-school-rankings-2025.pdf,tvdsb-secondary-2026-2027.pdf#page=3,2260,tvdsb-secondary-2026-2027.pdf#page=3,현재 학교명·도시를 원본 표기와 연결하고 순위·점수를 별도 PDF 추출기로 재대조.,367 438 p Parkside St Thomas 6.1 5.5,2026-09-16
Thames Valley,Secondary,Saunders,London,453,5.6,Ranked,Saunders London,16,https://www.compareschoolrankings.org/pdf/ontario-secondary-school-rankings-2025.pdf,tvdsb-secondary-2026-2027.pdf#page=3,2280,tvdsb-secondary-2026-2027.pdf#page=3,현재 학교명·도시를 원본 표기와 연결하고 순위·점수를 별도 PDF 추출기로 재대조.,453 494 — Saunders London 5.6 5.1,2026-09-16
Thames Valley,Secondary,Sir Frederick Banting,London,401,5.9,Ranked,Sir Frederick Banting London,16,https://www.compareschoolrankings.org/pdf/ontario-secondary-school-rankings-2025.pdf,tvdsb-secondary-2026-2027.pdf#page=3,2040,tvdsb-secondary-2026-2027.pdf#page=3,현재 학교명·도시를 원본 표기와 연결하고 순위·점수를 별도 PDF 추출기로 재대조.,401 274 — Sir Frederick Banting London 5.9 6.5,2026-09-16
Thames Valley,Secondary,Sir Wilfrid Laurier,London,513,5.3,Ranked,Sir Wilfrid Laurier London,17,https://www.compareschoolrankings.org/pdf/ontario-secondary-school-rankings-2025.pdf,tvdsb-secondary-2026-2027.pdf#page=3,2170,tvdsb-secondary-2026-2027.pdf#page=3,현재 학교명·도시를 원본 표기와 연결하고 순위·점수를 별도 PDF 추출기로 재대조.,513 493 — Sir Wilfrid Laurier London 5.3 5.1,2026-09-16
Thames Valley,Secondary,Strathroy District Collegiate Institute,Strathroy,478,5.5,Ranked,Strathroy District Strathroy,16,https://www.compareschoolrankings.org/pdf/ontario-secondary-school-rankings-2025.pdf,tvdsb-secondary-2026-2027.pdf#page=4,2320,tvdsb-secondary-2026-2027.pdf#page=4,현재 학교명·도시를 원본 표기와 연결하고 순위·점수를 별도 PDF 추출기로 재대조.,478 405 — Strathroy District Strathroy 5.5 5.7,2026-09-16
Thames Valley,Secondary,West Elgin,West Lorne,478,5.5,Ranked,West Elgin West Lorne,16,https://www.compareschoolrankings.org/pdf/ontario-secondary-school-rankings-2025.pdf,tvdsb-secondary-2026-2027.pdf#page=4,2360,tvdsb-secondary-2026-2027.pdf#page=4,현재 학교명·도시를 원본 표기와 연결하고 순위·점수를 별도 PDF 추출기로 재대조.,478 576 — West Elgin West Lorne 5.5 4.3,2026-09-16
Thames Valley,Secondary,Westminster,London,709,2.8,Ranked,Westminster London,18,https://www.compareschoolrankings.org/pdf/ontario-secondary-school-rankings-2025.pdf,tvdsb-secondary-2026-2027.pdf#page=4,2370,tvdsb-secondary-2026-2027.pdf#page=4,현재 학교명·도시를 원본 표기와 연결하고 순위·점수를 별도 PDF 추출기로 재대조.,709 598 — Westminster London 2.8 3.9,2026-09-16
Thames Valley,Secondary,Woodstock Collegiate Institute,Woodstock,422,5.8,Ranked,Woodstock Woodstock,16,https://www.compareschoolrankings.org/pdf/ontario-secondary-school-rankings-2025.pdf,tvdsb-secondary-2026-2027.pdf#page=4,2390,tvdsb-secondary-2026-2027.pdf#page=4,현재 학교명·도시를 원본 표기와 연결하고 순위·점수를 별도 PDF 추출기로 재대조.,422 382 — Woodstock Woodstock 5.8 5.9,2026-09-16
London Catholic,Elementary,Assumption,Aylmer,2942,2.3,Ranked,Assumption Aylmer,37,https://www.compareschoolrankings.org/pdf/ontario-elementary-school-rankings-2025.pdf,https://www.ldcsb.ca/apps/pages/schools-2,,https://www.ldcsb.ca/apps/pages/schools-2,현재 학교명·도시를 원본 표기와 연결하고 순위·점수를 별도 PDF 추출기로 재대조.,2942 2234 — Assumption Aylmer 2.3 4.6,2026-09-16
London Catholic,Elementary,Our Lady of Lourdes,Delaware,1062,6.7,Ranked,Our Lady of Lourdes Delaware,21,https://www.compareschoolrankings.org/pdf/ontario-elementary-school-rankings-2025.pdf,https://www.ldcsb.ca/apps/pages/schools-2,,https://www.ldcsb.ca/apps/pages/schools-2,현재 학교명·도시를 원본 표기와 연결하고 순위·점수를 별도 PDF 추출기로 재대조.,1062 890 — Our Lady of Lourdes Delaware 6.7 6.8,2026-09-16
London Catholic,Elementary,St. David,Dorchester,643,7.4,Ranked,St David Dorchester,18,https://www.compareschoolrankings.org/pdf/ontario-elementary-school-rankings-2025.pdf,https://www.ldcsb.ca/apps/pages/schools-2,,https://www.ldcsb.ca/apps/pages/schools-2,현재 학교명·도시를 원본 표기와 연결하고 순위·점수를 별도 PDF 추출기로 재대조.,643 1111 p St David Dorchester 7.4 6.5,2026-09-16
London Catholic,Elementary,St. Charles,Glencoe,1137,6.6,Ranked,St Charles Sep S Glencoe,22,https://www.compareschoolrankings.org/pdf/ontario-elementary-school-rankings-2025.pdf,https://www.ldcsb.ca/apps/pages/schools-2,,https://www.ldcsb.ca/apps/pages/schools-2,현재 학교명·도시를 원본 표기와 연결하고 순위·점수를 별도 PDF 추출기로 재대조.,1137 n/a n/a St Charles Sep S Glencoe 6.6 n/a,2026-09-16
London Catholic,Elementary,St. Jude's,Ingersoll,1567,6.0,Ranked,St Jude's Ingersoll,26,https://www.compareschoolrankings.org/pdf/ontario-elementary-school-rankings-2025.pdf,https://www.ldcsb.ca/apps/pages/schools-2,,https://www.ldcsb.ca/apps/pages/schools-2,현재 학교명·도시를 원본 표기와 연결하고 순위·점수를 별도 PDF 추출기로 재대조.,1567 1650 — St Jude's Ingersoll 6.0 5.8,2026-09-16
London Catholic,Elementary,Blessed Sacrament,London,2762,3.5,Ranked,Blessed Sacrament London,36,https://www.compareschoolrankings.org/pdf/ontario-elementary-school-rankings-2025.pdf,https://www.ldcsb.ca/apps/pages/schools-2,,https://www.ldcsb.ca/apps/pages/schools-2,현재 학교명·도시를 원본 표기와 연결하고 순위·점수를 별도 PDF 추출기로 재대조.,2762 2561 — Blessed Sacrament London 3.5 3.6,2026-09-16
London Catholic,Elementary,Holy Family,London,2657,3.9,Ranked,Holy Family London,35,https://www.compareschoolrankings.org/pdf/ontario-elementary-school-rankings-2025.pdf,https://www.ldcsb.ca/apps/pages/schools-2,,https://www.ldcsb.ca/apps/pages/schools-2,현재 학교명·도시를 원본 표기와 연결하고 순위·점수를 별도 PDF 추출기로 재대조.,2657 2460 — Holy Family London 3.9 4.0,2026-09-16
London Catholic,Elementary,Holy Rosary,London,3015,1.3,Ranked,Holy Rosary London,38,https://www.compareschoolrankings.org/pdf/ontario-elementary-school-rankings-2025.pdf,https://www.ldcsb.ca/apps/pages/schools-2,,https://www.ldcsb.ca/apps/pages/schools-2,현재 학교명·도시를 원본 표기와 연결하고 순위·점수를 별도 PDF 추출기로 재대조.,3015 n/a n/a Holy Rosary London 1.3 n/a,2026-09-16
London Catholic,Elementary,Notre Dame,London,702,7.3,Ranked,Notre Dame London,18,https://www.compareschoolrankings.org/pdf/ontario-elementary-school-rankings-2025.pdf,https://www.ldcsb.ca/apps/pages/schools-2,,https://www.ldcsb.ca/apps/pages/schools-2,현재 학교명·도시를 원본 표기와 연결하고 순위·점수를 별도 PDF 추출기로 재대조.,702 1031 — Notre Dame London 7.3 6.6,2026-09-16
London Catholic,Elementary,Sir Arthur Carty,London,1703,5.8,Ranked,Sir Arthur Carty London,27,https://www.compareschoolrankings.org/pdf/ontario-elementary-school-rankings-2025.pdf,https://www.ldcsb.ca/apps/pages/schools-2,,https://www.ldcsb.ca/apps/pages/schools-2,현재 학교명·도시를 원본 표기와 연결하고 순위·점수를 별도 PDF 추출기로 재대조.,1703 2348 p Sir Arthur Carty London 5.8 4.4,2026-09-16
London Catholic,Elementary,St. Anne,London,2090,5.2,Ranked,St Anne's London,30,https://www.compareschoolrankings.org/pdf/ontario-elementary-school-rankings-2025.pdf,https://www.ldcsb.ca/apps/pages/schools-2,,https://www.ldcsb.ca/apps/pages/schools-2,현재 학교명·도시를 원본 표기와 연결하고 순위·점수를 별도 PDF 추출기로 재대조.,2090 2142 — St Anne's London 5.2 4.9,2026-09-16
London Catholic,Elementary,St. Anthony French Immersion,London,993,6.8,Ranked,St Anthony London,21,https://www.compareschoolrankings.org/pdf/ontario-elementary-school-rankings-2025.pdf,https://www.ldcsb.ca/apps/pages/schools-2,,https://www.ldcsb.ca/apps/pages/schools-2,현재 학교명·도시를 원본 표기와 연결하고 순위·점수를 별도 PDF 추출기로 재대조.,993 1706 p St Anthony London 6.8 5.7,2026-09-16
London Catholic,Elementary,St. Bernadette,London,2999,1.6,Ranked,St Bernadette London,38,https://www.compareschoolrankings.org/pdf/ontario-elementary-school-rankings-2025.pdf,https://www.ldcsb.ca/apps/pages/schools-2,,https://www.ldcsb.ca/apps/pages/schools-2,현재 학교명·도시를 원본 표기와 연결하고 순위·점수를 별도 PDF 추출기로 재대조.,2999 n/a n/a St Bernadette London 1.6 n/a,2026-09-16
London Catholic,Elementary,St. Catherine of Siena,London,993,6.8,Ranked,St Catherine of Siena London,21,https://www.compareschoolrankings.org/pdf/ontario-elementary-school-rankings-2025.pdf,https://www.ldcsb.ca/apps/pages/schools-2,,https://www.ldcsb.ca/apps/pages/schools-2,현재 학교명·도시를 원본 표기와 연결하고 순위·점수를 별도 PDF 추출기로 재대조.,993 478 — St Catherine of Siena London 6.8 7.4,2026-09-16
London Catholic,Elementary,St. Francis,London,2762,3.5,Ranked,St Francis London,36,https://www.compareschoolrankings.org/pdf/ontario-elementary-school-rankings-2025.pdf,https://www.ldcsb.ca/apps/pages/schools-2,,https://www.ldcsb.ca/apps/pages/schools-2,현재 학교명·도시를 원본 표기와 연결하고 순위·점수를 별도 PDF 추출기로 재대조.,2762 2311 — St Francis London 3.5 4.5,2026-09-16
London Catholic,Elementary,St. Gabriel,London,,,No entry located in 2025 report,,,https://www.compareschoolrankings.org/pdf/ontario-elementary-school-rankings-2025.pdf,https://www.ldcsb.ca/apps/pages/schools-2,,https://gal.ldcsb.ca/,2023–24 데이터 이후 신설된 학교로 별도 확인. 2025 보고서에 해당 학교의 순위 행 없음. 다른 학교 점수 대입 안 함.,,2026-09-16
London Catholic,Elementary,St. George,London,97,9.1,Ranked,St George London,13,https://www.compareschoolrankings.org/pdf/ontario-elementary-school-rankings-2025.pdf,https://www.ldcsb.ca/apps/pages/schools-2,,https://www.ldcsb.ca/apps/pages/schools-2,현재 학교명·도시를 원본 표기와 연결하고 순위·점수를 별도 PDF 추출기로 재대조.,97 502 p St George London 9.1 7.4,2026-09-16
London Catholic,Elementary,St. John French Immersion,London,392,7.9,Ranked,St. John London,16,https://www.compareschoolrankings.org/pdf/ontario-elementary-school-rankings-2025.pdf,https://www.ldcsb.ca/apps/pages/schools-2,,https://www.ldcsb.ca/apps/pages/schools-2,현재 학교명·도시를 원본 표기와 연결하고 순위·점수를 별도 PDF 추출기로 재대조.,392 469 — St. John London 7.9 7.5,2026-09-16
London Catholic,Elementary,St. Jude,London,589,7.5,Ranked,St Jude London,17,https://www.compareschoolrankings.org/pdf/ontario-elementary-school-rankings-2025.pdf,https://www.ldcsb.ca/apps/pages/schools-2,,https://www.ldcsb.ca/apps/pages/schools-2,현재 학교명·도시를 원본 표기와 연결하고 순위·점수를 별도 PDF 추출기로 재대조.,589 824 p St Jude London 7.5 6.9,2026-09-16
London Catholic,Elementary,St. Kateri,London,811,7.1,Ranked,Blessed Kateri London,19,https://www.compareschoolrankings.org/pdf/ontario-elementary-school-rankings-2025.pdf,https://www.ldcsb.ca/apps/pages/schools-2,,https://kat.ldcsb.ca/ ; https://londonramblers.com/gyms/blessed-kateri-catholic-school/,현재 학교명·도시를 원본 표기와 연결하고 순위·점수를 별도 PDF 추출기로 재대조.,811 277 — Blessed Kateri London 7.1 7.8,2026-09-16
London Catholic,Elementary,St. Marguerite d'Youville,London,1210,6.5,Ranked,St Marguerite d'Youville London,23,https://www.compareschoolrankings.org/pdf/ontario-elementary-school-rankings-2025.pdf,https://www.ldcsb.ca/apps/pages/schools-2,,https://www.ldcsb.ca/apps/pages/schools-2,현재 학교명·도시를 원본 표기와 연결하고 순위·점수를 별도 PDF 추출기로 재대조.,1210 1515 — St Marguerite d'Youville London 6.5 6.0,2026-09-16
London Catholic,Elementary,St. Mark,London,2211,5.0,Ranked,St Mark London,31,https://www.compareschoolrankings.org/pdf/ontario-elementary-school-rankings-2025.pdf,https://www.ldcsb.ca/apps/pages/schools-2,,https://www.ldcsb.ca/apps/pages/schools-2,현재 학교명·도시를 원본 표기와 연결하고 순위·점수를 별도 PDF 추출기로 재대조.,2211 1031 q St Mark London 5.0 6.6,2026-09-16
London Catholic,Elementary,St. Martin,London,753,7.2,Ranked,St Martin London,19,https://www.compareschoolrankings.org/pdf/ontario-elementary-school-rankings-2025.pdf,https://www.ldcsb.ca/apps/pages/schools-2,,https://www.ldcsb.ca/apps/pages/schools-2,현재 학교명·도시를 원본 표기와 연결하고 순위·점수를 별도 PDF 추출기로 재대조.,753 1229 — St Martin London 7.2 6.3,2026-09-16
London Catholic,Elementary,St. Mary Choir & Orchestra,London,,,No entry located in 2025 report,,,https://www.compareschoolrankings.org/pdf/ontario-elementary-school-rankings-2025.pdf,https://www.ldcsb.ca/apps/pages/schools-2,,https://www.ldcsb.ca/apps/pages/schools-2,London 학교. 공식 목록에서 Grades 5–8 프로그램 확인. London의 해당 학교 순위 행 없음. 원인 단정 없음.,,2026-09-16
London Catholic,Elementary,St. Michael,London,2509,4.3,Ranked,St Michael London,34,https://www.compareschoolrankings.org/pdf/ontario-elementary-school-rankings-2025.pdf,https://www.ldcsb.ca/apps/pages/schools-2,,https://www.ldcsb.ca/apps/pages/schools-2,현재 학교명·도시를 원본 표기와 연결하고 순위·점수를 별도 PDF 추출기로 재대조.,2509 2454 p St Michael London 4.3 4.0,2026-09-16
London Catholic,Elementary,St. Nicholas,London,927,6.9,Ranked,St. Nicholas London,20,https://www.compareschoolrankings.org/pdf/ontario-elementary-school-rankings-2025.pdf,https://www.ldcsb.ca/apps/pages/schools-2,,https://www.ldcsb.ca/apps/pages/schools-2,현재 학교명·도시를 원본 표기와 연결하고 순위·점수를 별도 PDF 추출기로 재대조.,927 763 — St. Nicholas London 6.9 7.0,2026-09-16
London Catholic,Elementary,St. Paul,London,702,7.3,Ranked,St Paul London,18,https://www.compareschoolrankings.org/pdf/ontario-elementary-school-rankings-2025.pdf,https://www.ldcsb.ca/apps/pages/schools-2,,https://www.ldcsb.ca/apps/pages/schools-2,현재 학교명·도시를 원본 표기와 연결하고 순위·점수를 별도 PDF 추출기로 재대조.,702 381 — St Paul London 7.3 7.6,2026-09-16
London Catholic,Elementary,St. Pius X,London,2436,4.5,Ranked,St Pius X London,33,https://www.compareschoolrankings.org/pdf/ontario-elementary-school-rankings-2025.pdf,https://www.ldcsb.ca/apps/pages/schools-2,,https://www.ldcsb.ca/apps/pages/schools-2,현재 학교명·도시를 원본 표기와 연결하고 순위·점수를 별도 PDF 추출기로 재대조.,2436 2027 q St Pius X London 4.5 5.1,2026-09-16
London Catholic,Elementary,St. Rose of Lima,London,589,7.5,Ranked,Jean Vanier London,18,https://www.compareschoolrankings.org/pdf/ontario-elementary-school-rankings-2025.pdf,https://www.ldcsb.ca/apps/pages/schools-2,,https://ldcsb.bidsandtenders.ca/Module/Tenders/fr/Tender/Detail/019a0f08-d213-4ee0-895b-15de0caf2976,현재 학교명·도시를 원본 표기와 연결하고 순위·점수를 별도 PDF 추출기로 재대조.,589 1111 — Jean Vanier London 7.5 6.5,2026-09-16
London Catholic,Elementary,St. Sebastian,London,1964,5.4,Ranked,St Sebastian London,29,https://www.compareschoolrankings.org/pdf/ontario-elementary-school-rankings-2025.pdf,https://www.ldcsb.ca/apps/pages/schools-2,,https://www.ldcsb.ca/apps/pages/schools-2,현재 학교명·도시를 원본 표기와 연결하고 순위·점수를 별도 PDF 추출기로 재대조.,1964 2213 — St Sebastian London 5.4 4.7,2026-09-16
London Catholic,Elementary,St. Theresa,London,532,7.6,Ranked,St Theresa London,17,https://www.compareschoolrankings.org/pdf/ontario-elementary-school-rankings-2025.pdf,https://www.ldcsb.ca/apps/pages/schools-2,,https://www.ldcsb.ca/apps/pages/schools-2,현재 학교명·도시를 원본 표기와 연결하고 순위·점수를 별도 PDF 추출기로 재대조.,532 1054 — St Theresa London 7.6 6.6,2026-09-16
London Catholic,Elementary,St. Thomas More,London,2657,3.9,Ranked,St Thomas More London,35,https://www.compareschoolrankings.org/pdf/ontario-elementary-school-rankings-2025.pdf,https://www.ldcsb.ca/apps/pages/schools-2,,https://www.ldcsb.ca/apps/pages/schools-2,현재 학교명·도시를 원본 표기와 연결하고 순위·점수를 별도 PDF 추출기로 재대조.,2657 2461 — St Thomas More London 3.9 4.0,2026-09-16
London Catholic,Elementary,St. Patrick,Lucan,702,7.3,Ranked,St Patrick Lucan,18,https://www.compareschoolrankings.org/pdf/ontario-elementary-school-rankings-2025.pdf,https://www.ldcsb.ca/apps/pages/schools-2,,https://www.ldcsb.ca/apps/pages/schools-2,현재 학교명·도시를 원본 표기와 연결하고 순위·점수를 별도 PDF 추출기로 재대조.,702 1070 — St Patrick Lucan 7.3 6.5,2026-09-16
London Catholic,Elementary,Sacred Heart,Parkhill,,,No entry located in 2025 report,,,https://www.compareschoolrankings.org/pdf/ontario-elementary-school-rankings-2025.pdf,https://www.ldcsb.ca/apps/pages/schools-2,,https://www.ldcsb.ca/apps/pages/schools-2,Parkhill 학교. 다른 도시의 동명 학교는 제외. Parkhill의 해당 학교 순위 행 없음.,,2026-09-16
London Catholic,Elementary,Monsignor Morrison,St. Thomas,2385,4.6,Ranked,Monsignor Morrison St. Thomas,33,https://www.compareschoolrankings.org/pdf/ontario-elementary-school-rankings-2025.pdf,https://www.ldcsb.ca/apps/pages/schools-2,,https://www.ldcsb.ca/apps/pages/schools-2,현재 학교명·도시를 원본 표기와 연결하고 순위·점수를 별도 PDF 추출기로 재대조.,2385 1941 — Monsignor Morrison St. Thomas 4.6 5.3,2026-09-16
London Catholic,Elementary,St. Anne's,St. Thomas,1921,5.5,Ranked,St. Anne's St. Thomas,29,https://www.compareschoolrankings.org/pdf/ontario-elementary-school-rankings-2025.pdf,https://www.ldcsb.ca/apps/pages/schools-2,,https://www.ldcsb.ca/apps/pages/schools-2,현재 학교명·도시를 원본 표기와 연결하고 순위·점수를 별도 PDF 추출기로 재대조.,1921 2123 p St. Anne's St. Thomas 5.5 4.9,2026-09-16
London Catholic,Elementary,Our Lady Immaculate,Strathroy,1921,5.5,Ranked,Our Lady Immaculate Strathroy,29,https://www.compareschoolrankings.org/pdf/ontario-elementary-school-rankings-2025.pdf,https://www.ldcsb.ca/apps/pages/schools-2,,https://www.ldcsb.ca/apps/pages/schools-2,현재 학교명·도시를 원본 표기와 연결하고 순위·점수를 별도 PDF 추출기로 재대조.,1921 2234 — Our Lady Immaculate Strathroy 5.5 4.6,2026-09-16
London Catholic,Elementary,St. Vincent de Paul,Strathroy,2657,3.9,Ranked,St Vincent de Paul Strathroy,35,https://www.compareschoolrankings.org/pdf/ontario-elementary-school-rankings-2025.pdf,https://www.ldcsb.ca/apps/pages/schools-2,,https://www.ldcsb.ca/apps/pages/schools-2,현재 학교명·도시를 원본 표기와 연결하고 순위·점수를 별도 PDF 추출기로 재대조.,2657 2377 — St Vincent de Paul Strathroy 3.9 4.3,2026-09-16
London Catholic,Elementary,Monsignor J.H. O'Neil,Tillsonburg,,,No entry located in 2025 report,,,https://www.compareschoolrankings.org/pdf/ontario-elementary-school-rankings-2025.pdf,https://www.ldcsb.ca/apps/pages/schools-2,,https://www.ldcsb.ca/apps/pages/schools-2,"Tillsonburg 학교. J H ONeil, O Neil, O’Neil 등 표기 및 도시 전체 대조. 해당 학교 순위 행 없음.",,2026-09-16
London Catholic,Elementary,St. Joseph's,Tillsonburg,,,No entry located in 2025 report,,,https://www.compareschoolrankings.org/pdf/ontario-elementary-school-rankings-2025.pdf,https://www.ldcsb.ca/apps/pages/schools-2,,https://www.ldcsb.ca/apps/pages/schools-2,Tillsonburg 초등학교. 다른 도시의 St Joseph 및 St. Thomas 중등학교와 구분. 해당 초등학교 순위 행 없음.,,2026-09-16
London Catholic,Elementary,St. Mary's,West Lorne,1495,6.1,Ranked,St Mary's West Lorne,25,https://www.compareschoolrankings.org/pdf/ontario-elementary-school-rankings-2025.pdf,https://www.ldcsb.ca/apps/pages/schools-2,,https://www.ldcsb.ca/apps/pages/schools-2,현재 학교명·도시를 원본 표기와 연결하고 순위·점수를 별도 PDF 추출기로 재대조.,1495 1951 — St Mary's West Lorne 6.1 5.2,2026-09-16
London Catholic,Elementary,Holy Family French Immersion,Woodstock,2474,4.4,Ranked,Holy Family Woodstock,33,https://www.compareschoolrankings.org/pdf/ontario-elementary-school-rankings-2025.pdf,https://www.ldcsb.ca/apps/pages/schools-2,,https://www.ldcsb.ca/apps/pages/schools-2,현재 학교명·도시를 원본 표기와 연결하고 순위·점수를 별도 PDF 추출기로 재대조.,2474 1586 — Holy Family Woodstock 4.4 5.9,2026-09-16
London Catholic,Elementary,St. Michael's,Woodstock,2509,4.3,Ranked,St Michael's Woodstock,34,https://www.compareschoolrankings.org/pdf/ontario-elementary-school-rankings-2025.pdf,https://www.ldcsb.ca/apps/pages/schools-2,,https://www.ldcsb.ca/apps/pages/schools-2,현재 학교명·도시를 원본 표기와 연결하고 순위·점수를 별도 PDF 추출기로 재대조.,2509 2008 — St Michael's Woodstock 4.3 5.2,2026-09-16
London Catholic,Elementary,St. Patrick's,Woodstock,1567,6.0,Ranked,St Patrick's Woodstock,26,https://www.compareschoolrankings.org/pdf/ontario-elementary-school-rankings-2025.pdf,https://www.ldcsb.ca/apps/pages/schools-2,,https://www.ldcsb.ca/apps/pages/schools-2,현재 학교명·도시를 원본 표기와 연결하고 순위·점수를 별도 PDF 추출기로 재대조.,1567 1070 q St Patrick's Woodstock 6.0 6.5,2026-09-16
London Catholic,Secondary,Catholic Central,London,453,5.6,Ranked,Catholic Central London,16,https://www.compareschoolrankings.org/pdf/ontario-secondary-school-rankings-2025.pdf,https://www.ldcsb.ca/apps/pages/schools,,https://www.ldcsb.ca/apps/pages/schools,현재 학교명·도시를 원본 표기와 연결하고 순위·점수를 별도 PDF 추출기로 재대조.,453 390 q Catholic Central London 5.6 5.8,2026-09-16
London Catholic,Secondary,John Paul II,London,654,4.0,Ranked,John Paul II London,18,https://www.compareschoolrankings.org/pdf/ontario-secondary-school-rankings-2025.pdf,https://www.ldcsb.ca/apps/pages/schools,,https://www.ldcsb.ca/apps/pages/schools,현재 학교명·도시를 원본 표기와 연결하고 순위·점수를 별도 PDF 추출기로 재대조.,654 559 — John Paul II London 4.0 4.5,2026-09-16
London Catholic,Secondary,Mother Teresa,London,201,7.1,Ranked,Mother Teresa London,14,https://www.compareschoolrankings.org/pdf/ontario-secondary-school-rankings-2025.pdf,https://www.ldcsb.ca/apps/pages/schools,,https://www.ldcsb.ca/apps/pages/schools,현재 학교명·도시를 원본 표기와 연결하고 순위·점수를 별도 PDF 추출기로 재대조.,201 152 — Mother Teresa London 7.1 7.3,2026-09-16
London Catholic,Secondary,Regina Mundi,London,649,4.1,Ranked,Regina Mundi London,18,https://www.compareschoolrankings.org/pdf/ontario-secondary-school-rankings-2025.pdf,https://www.ldcsb.ca/apps/pages/schools,,https://www.ldcsb.ca/apps/pages/schools,현재 학교명·도시를 원본 표기와 연결하고 순위·점수를 별도 PDF 추출기로 재대조.,649 580 — Regina Mundi London 4.1 4.2,2026-09-16
London Catholic,Secondary,St. André Bessette,London,254,6.8,Ranked,St. Andre Bessette London,14,https://www.compareschoolrankings.org/pdf/ontario-secondary-school-rankings-2025.pdf,https://www.ldcsb.ca/apps/pages/schools,,https://www.ldcsb.ca/apps/pages/schools,현재 학교명·도시를 원본 표기와 연결하고 순위·점수를 별도 PDF 추출기로 재대조.,254 248 — St. Andre Bessette London 6.8 6.7,2026-09-16
London Catholic,Secondary,St. Thomas Aquinas,London,111,7.8,Ranked,St. Thomas Aquinas London,13,https://www.compareschoolrankings.org/pdf/ontario-secondary-school-rankings-2025.pdf,https://www.ldcsb.ca/apps/pages/schools,,https://www.ldcsb.ca/apps/pages/schools,현재 학교명·도시를 원본 표기와 연결하고 순위·점수를 별도 PDF 추출기로 재대조.,111 144 — St. Thomas Aquinas London 7.8 7.3,2026-09-16
London Catholic,Secondary,Holy Cross,Strathroy,422,5.8,Ranked,Holy Cross Strathroy,16,https://www.compareschoolrankings.org/pdf/ontario-secondary-school-rankings-2025.pdf,https://www.ldcsb.ca/apps/pages/schools,,https://www.ldcsb.ca/apps/pages/schools,현재 학교명·도시를 원본 표기와 연결하고 순위·점수를 별도 PDF 추출기로 재대조.,422 461 p Holy Cross Strathroy 5.8 5.3,2026-09-16
London Catholic,Secondary,St. Joseph's,St. Thomas,311,6.5,Ranked,St. Joseph’s St Thomas,15,https://www.compareschoolrankings.org/pdf/ontario-secondary-school-rankings-2025.pdf,https://www.ldcsb.ca/apps/pages/schools,,https://www.ldcsb.ca/apps/pages/schools,현재 학교명·도시를 원본 표기와 연결하고 순위·점수를 별도 PDF 추출기로 재대조.,311 279 — St. Joseph’s St Thomas 6.5 6.5,2026-09-16
London Catholic,Secondary,St. Mary's,Woodstock,532,5.2,Ranked,St. Mary’s Woodstock,17,https://www.compareschoolrankings.org/pdf/ontario-secondary-school-rankings-2025.pdf,https://www.ldcsb.ca/apps/pages/schools,,https://www.ldcsb.ca/apps/pages/schools,현재 학교명·도시를 원본 표기와 연결하고 순위·점수를 별도 PDF 추출기로 재대조.,532 458 — St. Mary’s Woodstock 5.2 5.4,2026-09-16
